timestamp,demand_mw,renewable_generation_mw,solar_mw,wind_mw,battery_power_mw,soc_percent,soh_percent,cycle_count,frequency_hz,voltage_kv,price_usd_mwh,battery_temperature_c,peak_period,load_spike,instability_event,net_load_mw
2026-01-01T00:00:00,476.356,113.998,0.0,113.998,0,58.0,99.152,22.0,60.038,13.8444,106.714,25.353,0,0,0,362.358
2026-01-01T00:15:00,488.715,121.681,0.0,121.681,0,58.0,99.152,22.0,60.0158,13.8406,109.897,28.512,0,0,0,367.034
2026-01-01T00:30:00,477.491,118.434,0.0,118.434,0,58.0,99.152,22.0,60.0505,13.8506,105.381,27.539,0,0,0,359.057
2026-01-01T00:45:00,501.6,144.079,0.0,144.079,0,58.0,99.152,22.0,60.0534,13.8563,105.724,25.647,0,0,0,357.521
2026-01-01T01:00:00,486.208,98.795,0.0,98.795,0,58.0,99.152,22.0,60.0128,13.8557,111.389,26.677,0,0,0,387.413
2026-01-01T01:15:00,475.992,133.463,0.0,133.463,0,58.0,99.152,22.0,60.0524,13.9205,101.115,27.794,0,0,0,342.529
2026-01-01T01:30:00,461.871,103.282,0.0,103.282,0,58.0,99.152,22.0,60.0609,13.8579,108.569,27.919,0,0,0,358.588
2026-01-01T01:45:00,462.649,90.814,0.0,90.814,0,58.0,99.152,22.0,60.0226,13.873,112.342,27.192,0,0,0,371.834
2026-01-01T02:00:00,485.015,114.585,0.0,114.585,0,58.0,99.152,22.0,60.0239,13.8781,112.486,26.376,0,0,0,370.429
2026-01-01T02:15:00,473.759,153.733,0.0,153.733,0,58.0,99.152,22.0,60.0601,13.9188,102.26,30.742,0,0,0,320.025
2026-01-01T02:30:00,493.397,145.559,0.0,145.559,0,58.0,99.152,22.0,60.0664,13.8769,108.224,27.419,0,0,0,347.838
2026-01-01T02:45:00,478.44,125.591,0.0,125.591,0,58.0,99.152,22.0,60.0345,13.8538,102.446,26.8,0,0,0,352.849
2026-01-01T03:00:00,439.993,142.219,0.0,142.219,0,58.0,99.152,22.0,60.1179,13.9059,93.09,26.997,0,0,0,297.773
2026-01-01T03:15:00,465.371,106.921,0.0,106.921,0,58.0,99.152,22.0,60.0347,13.862,99.786,26.532,0,0,0,358.45
2026-01-01T03:30:00,517.818,133.309,0.0,133.309,0,58.0,99.152,22.0,60.0446,13.7476,110.723,27.355,0,0,0,384.509
2026-01-01T03:45:00,477.497,127.974,0.0,127.974,0,58.0,99.152,22.0,60.0295,13.8648,108.057,27.902,0,0,0,349.523
2026-01-01T04:00:00,476.491,133.181,0.0,133.181,0,58.0,99.152,22.0,60.0743,13.883,104.84,27.906,0,0,0,343.31
2026-01-01T04:15:00,481.465,124.97,0.0,124.97,0,58.0,99.152,22.0,60.0383,13.8822,103.71,26.581,0,0,0,356.495
2026-01-01T04:30:00,497.992,168.316,0.0,168.316,0,58.0,99.152,22.0,60.0619,13.9289,101.79,28.631,0,0,0,329.676
2026-01-01T04:45:00,481.577,114.52,0.0,114.52,0,58.0,99.152,22.0,60.0109,13.8692,108.731,27.462,0,0,0,367.057
2026-01-01T05:00:00,499.916,93.516,0.0,93.516,0,58.0,99.152,22.0,60.0033,13.7644,112.171,27.575,0,0,0,406.399
2026-01-01T05:15:00,492.963,128.576,0.0,128.576,0,58.0,99.152,22.0,60.0449,13.8099,111.424,26.448,0,0,0,364.387
2026-01-01T05:30:00,545.671,120.389,0.0,120.389,0,58.0,99.152,22.0,59.9661,13.7649,119.953,26.46,0,0,0,425.282
2026-01-01T05:45:00,536.736,126.097,0.0,126.097,0,58.0,99.152,22.0,59.9509,13.8366,116.851,25.816,0,0,0,410.639
2026-01-01T06:00:00,505.561,106.526,0.0,106.526,0,58.0,99.152,22.0,59.972,13.7819,118.988,26.717,0,0,0,399.036
2026-01-01T06:15:00,520.709,105.069,1.264,103.805,0,58.0,99.152,22.0,59.9962,13.8322,118.4,26.89,0,0,0,415.639
2026-01-01T06:30:00,545.379,128.334,4.355,123.979,0,58.0,99.152,22.0,59.9647,13.8034,112.46,26.144,0,0,0,417.044
2026-01-01T06:45:00,561.943,115.188,8.579,106.608,0,58.0,99.152,22.0,59.9554,13.7672,117.681,28.0,0,0,0,446.755
2026-01-01T07:00:00,574.9,140.812,21.064,119.748,0,58.0,99.152,22.0,59.967,13.8531,122.617,27.338,0,0,0,434.088
2026-01-01T07:15:00,576.457,122.925,28.217,94.708,0,58.0,99.152,22.0,60.1206,12.9644,122.052,25.551,0,0,1,453.532
2026-01-01T07:30:00,578.716,126.295,24.54,101.756,0,58.0,99.152,22.0,59.9328,13.6776,120.423,26.712,0,0,0,452.421
2026-01-01T07:45:00,566.835,142.111,50.236,91.876,0,58.0,99.152,22.0,59.8061,14.3996,119.45,26.602,0,0,1,424.724
2026-01-01T08:00:00,587.555,171.531,51.864,119.668,0,58.0,99.152,22.0,59.9827,13.7521,124.236,28.713,0,0,0,416.024
2026-01-01T08:15:00,566.721,161.578,43.98,117.598,0,58.0,99.152,22.0,60.0007,13.7901,108.789,28.923,0,0,0,405.143
2026-01-01T08:30:00,571.651,142.134,72.431,69.703,0,58.0,99.152,22.0,59.9748,13.6531,126.934,24.897,0,0,0,429.517
2026-01-01T08:45:00,596.336,201.032,76.088,124.944,0,58.0,99.152,22.0,60.0077,13.7616,117.059,29.258,0,0,0,395.304
2026-01-01T09:00:00,579.148,177.804,100.844,76.96,0,58.0,99.152,22.0,59.9871,13.8035,113.41,27.208,0,0,0,401.343
2026-01-01T09:15:00,561.103,203.775,84.092,119.683,0,58.0,99.152,22.0,60.0351,13.8808,104.159,26.063,0,0,0,357.328
2026-01-01T09:30:00,564.824,238.223,131.714,106.51,0,58.0,99.152,22.0,60.0724,13.8857,100.326,27.227,0,0,0,326.601
2026-01-01T09:45:00,577.972,192.666,108.266,84.4,0,58.0,99.152,22.0,60.0214,13.8198,112.327,25.853,0,0,0,385.306
2026-01-01T10:00:00,572.569,217.206,128.919,88.287,0,58.0,99.152,22.0,60.0653,13.84,108.084,25.428,0,0,0,355.363
2026-01-01T10:15:00,532.716,245.765,144.93,100.834,0,58.0,99.152,22.0,60.1134,13.9381,92.583,26.514,0,0,0,286.951
2026-01-01T10:30:00,554.362,222.465,116.801,105.664,0,58.0,99.152,22.0,60.0578,13.8743,99.752,26.076,0,0,0,331.896
2026-01-01T10:45:00,538.527,220.538,123.378,97.16,0,58.0,99.152,22.0,60.0612,13.9667,100.455,25.535,0,0,0,317.988
2026-01-01T11:00:00,533.736,245.965,174.458,71.507,0,58.0,99.152,22.0,60.0825,13.9147,92.028,26.245,0,0,0,287.771
2026-01-01T11:15:00,572.134,253.152,185.5,67.652,0,58.0,99.152,22.0,60.0935,13.9153,100.156,27.27,0,0,0,318.982
2026-01-01T11:30:00,528.246,262.336,180.725,81.612,0,58.0,99.152,22.0,60.1305,14.056,86.85,27.74,0,0,0,265.91
2026-01-01T11:45:00,581.422,171.942,135.685,36.257,0,58.0,99.152,22.0,59.9695,13.7985,117.765,25.4,0,0,0,409.48
2026-01-01T12:00:00,566.583,239.627,165.692,73.935,0,58.0,99.152,22.0,60.0627,13.8609,97.594,26.652,0,0,0,326.956
2026-01-01T12:15:00,574.236,208.758,157.065,51.693,0,58.0,99.152,22.0,60.0008,13.875,112.083,28.841,0,0,0,365.478
2026-01-01T12:30:00,557.467,233.719,136.106,97.613,0,58.0,99.152,22.0,60.0664,13.9549,94.396,27.642,0,0,0,323.748
2026-01-01T12:45:00,571.71,193.337,125.724,67.613,0,58.0,99.152,22.0,60.0086,13.8765,111.037,28.11,0,0,0,378.372
2026-01-01T13:00:00,573.512,236.765,193.176,43.589,0,58.0,99.152,22.0,60.0355,13.8714,110.8,27.278,0,0,0,336.748
2026-01-01T13:15:00,563.12,255.936,177.259,78.677,0,58.0,99.152,22.0,60.0907,13.8478,90.964,26.574,0,0,0,307.184
2026-01-01T13:30:00,567.983,237.767,156.204,81.564,0,58.0,99.152,22.0,60.0811,13.8196,103.351,25.315,0,0,0,330.216
2026-01-01T13:45:00,539.758,196.697,148.06,48.637,0,58.0,99.152,22.0,60.056,13.8643,107.408,27.586,0,0,0,343.061
2026-01-01T14:00:00,569.294,232.24,155.539,76.702,0,58.0,99.152,22.0,60.0234,13.9348,100.933,29.661,0,0,0,337.054
2026-01-01T14:15:00,581.736,150.029,99.879,50.15,0,58.0,99.152,22.0,59.9774,13.7553,128.833,28.154,0,0,0,431.708
2026-01-01T14:30:00,598.448,140.82,108.117,32.702,0,58.0,99.152,22.0,59.9375,13.7211,131.688,28.76,0,0,0,457.629
2026-01-01T14:45:00,559.595,140.657,116.38,24.277,0,58.0,99.152,22.0,59.9475,13.7225,119.19,27.814,0,0,0,418.938
2026-01-01T15:00:00,611.04,119.878,74.476,45.402,0,58.0,99.152,22.0,59.9238,13.7327,124.099,25.866,0,0,0,491.162
2026-01-01T15:15:00,593.014,106.167,83.239,22.928,0,58.0,99.152,22.0,59.9226,13.6553,134.403,27.346,0,0,0,486.847
2026-01-01T15:30:00,628.398,125.261,67.295,57.966,0,58.0,99.152,22.0,59.9023,13.6518,127.101,28.766,0,0,0,503.137
2026-01-01T15:45:00,596.296,127.262,74.52,52.742,0,58.0,99.152,22.0,59.9524,13.6429,127.116,25.785,0,0,0,469.034
2026-01-01T16:00:00,628.149,152.582,48.661,103.92,0,58.0,99.152,22.0,59.9278,13.6512,127.618,25.571,0,0,0,475.567
2026-01-01T16:15:00,626.615,113.475,34.959,78.516,0,58.0,99.152,22.0,59.9206,13.5911,133.367,28.456,0,0,0,513.14
2026-01-01T16:30:00,647.15,105.411,32.813,72.598,0,58.0,99.152,22.0,59.8749,13.5397,139.789,28.248,0,0,0,541.74
2026-01-01T16:45:00,645.88,105.179,25.887,79.292,0,58.0,99.152,22.0,59.8467,13.7152,135.872,28.024,0,0,0,540.702
2026-01-01T17:00:00,646.774,92.263,13.795,78.468,120,50.278,99.152,22.036,59.9687,13.6379,177.187,32.658,1,0,0,434.51
2026-01-01T17:15:00,672.786,103.284,10.64,92.644,120,42.556,99.151,22.071,59.9917,13.7154,180.856,32.12,1,0,0,449.501
2026-01-01T17:30:00,659.681,80.454,4.0,76.454,120,34.834,99.151,22.107,59.9383,13.8155,183.546,33.704,1,0,0,459.228
2026-01-01T17:45:00,759.938,57.188,1.558,55.63,120,27.112,99.151,22.143,59.6841,12.8654,198.894,36.003,1,1,1,582.75
2026-01-01T18:00:00,669.236,71.128,0.0,71.128,120,19.39,99.151,22.179,59.9145,13.8184,188.705,34.741,1,0,0,478.108
2026-01-01T18:15:00,676.9,41.067,0.0,41.067,120,11.668,99.151,22.214,59.8681,13.6577,188.117,33.43,1,0,0,515.833
2026-01-01T18:30:00,666.188,96.276,0.0,96.276,120,8,99.151,22.25,59.964,13.7893,183.168,33.357,1,0,0,449.912
2026-01-01T18:45:00,780.633,79.012,0.0,79.012,0,8,99.151,22.25,59.8761,12.53,203.548,27.772,1,1,1,701.621
2026-01-01T19:00:00,652.416,32.073,0.0,32.073,0,8,99.151,22.25,59.7926,13.4951,184.728,24.826,1,0,0,620.343
2026-01-01T19:15:00,685.294,55.701,0.0,55.701,0,8,99.151,22.25,59.7914,13.44,188.972,28.71,1,0,0,629.593
2026-01-01T19:30:00,643.228,49.474,0.0,49.474,0,8,99.151,22.25,59.8539,13.5212,183.239,27.018,1,0,0,593.753
2026-01-01T19:45:00,643.702,89.181,0.0,89.181,0,8,99.151,22.25,59.8955,13.568,169.072,25.771,1,0,0,554.52
2026-01-01T20:00:00,659.925,91.087,0.0,91.087,0,8,99.151,22.25,59.8345,13.5141,182.578,26.65,1,0,0,568.838
2026-01-01T20:15:00,635.782,95.009,0.0,95.009,0,8,99.151,22.25,59.8752,13.554,177.581,26.233,1,0,0,540.773
2026-01-01T20:30:00,620.222,64.013,0.0,64.013,0,8,99.151,22.25,59.8494,13.5963,173.407,29.612,1,0,0,556.21
2026-01-01T20:45:00,590.213,68.724,0.0,68.724,0,8,99.151,22.25,59.8753,13.5639,167.525,28.411,1,0,0,521.489
2026-01-01T21:00:00,555.141,78.049,0.0,78.049,0,8,99.151,22.25,59.9242,13.6633,171.653,29.045,1,0,0,477.092
2026-01-01T21:15:00,559.991,86.393,0.0,86.393,0,8,99.151,22.25,59.9626,13.7468,131.048,26.363,0,0,0,473.598
2026-01-01T21:30:00,564.92,73.372,0.0,73.372,0,8,99.151,22.25,59.9054,13.6487,133.446,26.898,0,0,0,491.548
2026-01-01T21:45:00,526.299,96.894,0.0,96.894,0,8,99.151,22.25,59.9946,13.7344,120.323,25.897,0,0,0,429.404
2026-01-01T22:00:00,547.389,117.803,0.0,117.803,0,8,99.151,22.25,59.9588,13.7457,117.061,27.041,0,0,0,429.585
2026-01-01T22:15:00,524.947,97.63,0.0,97.63,0,8,99.151,22.25,59.98,13.8364,117.23,25.645,0,0,0,427.317
2026-01-01T22:30:00,533.71,74.533,0.0,74.533,0,8,99.151,22.25,59.9706,13.7049,120.824,25.253,0,0,0,459.177
2026-01-01T22:45:00,506.61,107.538,0.0,107.538,0,8,99.151,22.25,59.973,13.8207,109.285,27.492,0,0,0,399.072
2026-01-01T23:00:00,517.004,100.43,0.0,100.43,0,8,99.151,22.25,59.9652,13.7041,113.738,28.435,0,0,0,416.574
2026-01-01T23:15:00,527.152,96.881,0.0,96.881,0,8,99.151,22.25,59.9809,13.7584,119.928,24.772,0,0,0,430.271
2026-01-01T23:30:00,561.518,80.998,0.0,80.998,0,8,99.151,22.25,59.9451,13.6442,133.113,27.904,0,0,0,480.52
2026-01-01T23:45:00,513.345,112.237,0.0,112.237,0,8,99.151,22.25,59.9762,13.787,112.615,27.437,0,0,0,401.108
2026-01-02T00:00:00,503.679,124.564,0.0,124.564,0,8,99.151,22.25,60.0302,13.8705,110.75,29.426,0,0,0,379.115
2026-01-02T00:15:00,499.39,121.813,0.0,121.813,0,8,99.151,22.25,60.0036,13.8485,108.933,26.421,0,0,0,377.577
2026-01-02T00:30:00,487.711,104.456,0.0,104.456,0,8,99.151,22.25,60.0011,13.8286,112.223,28.029,0,0,0,383.255
2026-01-02T00:45:00,452.971,93.52,0.0,93.52,0,8,99.151,22.25,60.0094,13.8333,104.954,26.261,0,0,0,359.451
2026-01-02T01:00:00,517.882,131.461,0.0,131.461,0,8,99.151,22.25,59.9984,13.7942,109.941,28.919,0,0,0,386.421
2026-01-02T01:15:00,479.109,103.56,0.0,103.56,0,8,99.151,22.25,60.0421,13.7997,112.564,25.685,0,0,0,375.549
2026-01-02T01:30:00,476.622,134.825,0.0,134.825,0,8,99.151,22.25,60.0538,13.9087,101.667,28.752,0,0,0,341.796
2026-01-02T01:45:00,515.467,121.705,0.0,121.705,0,8,99.151,22.25,59.9729,13.8186,112.55,29.051,0,0,0,393.762
2026-01-02T02:00:00,491.95,135.169,0.0,135.169,0,8,99.151,22.25,60.0286,13.7407,113.979,26.544,0,0,0,356.781
2026-01-02T02:15:00,501.517,109.334,0.0,109.334,0,8,99.151,22.25,59.9941,13.7523,108.303,26.724,0,0,0,392.184
2026-01-02T02:30:00,513.547,85.04,0.0,85.04,0,8,99.151,22.25,59.9387,13.7196,127.335,27.358,0,0,0,428.506
2026-01-02T02:45:00,525.07,142.341,0.0,142.341,0,8,99.151,22.25,60.0292,13.8132,109.051,27.329,0,0,0,382.729
2026-01-02T03:00:00,525.967,151.961,0.0,151.961,0,8,99.151,22.25,60.0398,13.8234,106.162,25.408,0,0,0,374.006
2026-01-02T03:15:00,509.262,145.014,0.0,145.014,0,8,99.151,22.25,60.0473,13.8625,99.318,28.477,0,0,0,364.248
2026-01-02T03:30:00,531.573,115.667,0.0,115.667,0,8,99.151,22.25,59.975,13.8113,106.25,26.163,0,0,0,415.906
2026-01-02T03:45:00,526.087,154.266,0.0,154.266,0,8,99.151,22.25,60.0553,13.8529,105.534,25.847,0,0,0,371.82
2026-01-02T04:00:00,520.848,145.116,0.0,145.116,0,8,99.151,22.25,60.0316,13.8071,110.374,27.74,0,0,0,375.732
2026-01-02T04:15:00,510.466,125.208,0.0,125.208,0,8,99.151,22.25,60.0246,13.881,113.427,27.609,0,0,0,385.259
2026-01-02T04:30:00,541.367,128.554,0.0,128.554,0,8,99.151,22.25,59.988,13.7259,116.908,27.321,0,0,0,412.813
2026-01-02T04:45:00,490.136,129.447,0.0,129.447,0,8,99.151,22.25,60.0637,13.8801,97.28,26.936,0,0,0,360.689
2026-01-02T05:00:00,505.054,120.202,0.0,120.202,0,8,99.151,22.25,60.0047,13.7746,107.255,27.147,0,0,0,384.852
2026-01-02T05:15:00,534.141,125.59,0.0,125.59,0,8,99.151,22.25,59.9775,13.7752,114.653,28.538,0,0,0,408.551
2026-01-02T05:30:00,517.251,116.364,0.0,116.364,0,8,99.151,22.25,59.9813,13.7361,111.823,24.945,0,0,0,400.887
2026-01-02T05:45:00,545.127,140.46,0.0,140.46,0,8,99.151,22.25,60.0117,13.8197,110.867,27.329,0,0,0,404.667
2026-01-02T06:00:00,542.0,125.631,0.0,125.631,0,8,99.151,22.25,60.0103,13.8175,117.816,26.576,0,0,0,416.369
2026-01-02T06:15:00,535.951,107.94,1.422,106.518,0,8,99.151,22.25,59.961,13.6934,121.73,27.714,0,0,0,428.011
2026-01-02T06:30:00,555.733,66.879,4.668,62.212,0,8,99.151,22.25,59.9174,13.64,127.552,26.642,0,0,0,488.854
2026-01-02T06:45:00,579.227,106.74,10.549,96.191,0,8,99.151,22.25,59.9712,13.678,129.766,25.011,0,0,0,472.487
2026-01-02T07:00:00,575.106,125.878,19.482,106.396,0,8,99.151,22.25,59.9536,13.6892,122.585,27.69,0,0,0,449.228
2026-01-02T07:15:00,615.859,131.747,22.275,109.472,0,8,99.151,22.25,59.9578,13.6881,132.699,28.212,0,0,0,484.112
2026-01-02T07:30:00,576.071,150.476,35.885,114.591,0,8,99.151,22.25,59.9833,13.7691,119.476,25.596,0,0,0,425.594
2026-01-02T07:45:00,575.446,127.861,44.489,83.372,0,8,99.151,22.25,59.9552,13.8033,118.262,27.107,0,0,0,447.585
2026-01-02T08:00:00,584.442,157.979,49.703,108.275,0,8,99.151,22.25,60.0982,13.0475,118.157,26.709,0,0,1,426.463
2026-01-02T08:15:00,601.152,111.929,46.699,65.23,0,8,99.151,22.25,59.9394,13.7064,125.815,27.019,0,0,0,489.224
2026-01-02T08:30:00,576.81,151.801,65.814,85.987,0,8,99.151,22.25,59.9717,13.767,118.288,25.824,0,0,0,425.01
2026-01-02T08:45:00,583.973,173.479,70.372,103.107,0,8,99.151,22.25,60.0117,13.8806,107.277,28.609,0,0,0,410.494
2026-01-02T09:00:00,591.844,144.02,69.628,74.392,0,8,99.151,22.25,59.9914,13.7714,118.888,27.438,0,0,0,447.825
2026-01-02T09:15:00,600.443,231.818,107.968,123.85,0,8,99.151,22.25,60.0294,13.8058,105.775,26.862,0,0,0,368.625
2026-01-02T09:30:00,587.491,172.592,94.244,78.348,0,8,99.151,22.25,59.9877,13.7599,117.747,27.562,0,0,0,414.899
2026-01-02T09:45:00,577.821,193.303,124.409,68.894,0,8,99.151,22.25,59.9803,13.7199,107.745,24.935,0,0,0,384.518
2026-01-02T10:00:00,601.04,204.665,125.145,79.52,0,8,99.151,22.25,59.989,13.7827,108.508,25.558,0,0,0,396.375
2026-01-02T10:15:00,580.211,200.282,118.536,81.747,0,8,99.151,22.25,60.0374,13.8626,103.621,24.611,0,0,0,379.929
2026-01-02T10:30:00,547.161,158.547,104.344,54.204,0,8,99.151,22.25,60.019,13.8739,116.332,26.225,0,0,0,388.614
2026-01-02T10:45:00,596.624,247.732,177.401,70.332,0,8,99.151,22.25,60.0404,13.8666,106.469,26.949,0,0,0,348.892
2026-01-02T11:00:00,597.41,213.93,141.31,72.62,0,8,99.151,22.25,60.0182,13.7578,114.472,26.463,0,0,0,383.48
2026-01-02T11:15:00,566.803,221.539,162.769,58.77,0,8,99.151,22.25,60.0742,13.7887,101.841,27.548,0,0,0,345.264
2026-01-02T11:30:00,579.667,275.969,199.202,76.768,0,8,99.151,22.25,60.0769,13.9243,94.506,28.493,0,0,0,303.697
2026-01-02T11:45:00,593.085,227.259,146.008,81.251,0,8,99.151,22.25,60.0873,13.801,112.177,28.233,0,0,0,365.826
2026-01-02T12:00:00,595.389,200.277,117.223,83.054,0,8,99.151,22.25,59.9874,13.8717,109.567,29.52,0,0,0,395.113
2026-01-02T12:15:00,585.351,254.218,189.286,64.932,0,8,99.151,22.25,60.057,13.8484,96.626,26.934,0,0,0,331.132
2026-01-02T12:30:00,592.83,172.182,128.191,43.991,0,8,99.151,22.25,59.9549,13.7005,120.304,28.533,0,0,0,420.648
2026-01-02T12:45:00,592.978,267.634,200.406,67.228,0,8,99.151,22.25,60.0662,13.8799,95.428,25.823,0,0,0,325.344
2026-01-02T13:00:00,607.406,179.484,126.175,53.309,0,8,99.151,22.25,59.9476,13.7862,116.762,25.713,0,0,0,427.923
2026-01-02T13:15:00,565.486,181.807,122.475,59.332,0,8,99.151,22.25,60.0334,13.8411,104.631,25.634,0,0,0,383.679
2026-01-02T13:30:00,607.798,157.343,111.253,46.09,0,8,99.151,22.25,59.9366,13.7412,125.126,27.327,0,0,0,450.455
2026-01-02T13:45:00,617.177,247.319,165.466,81.854,0,8,99.151,22.25,60.0118,13.8716,112.327,26.518,0,0,0,369.858
2026-01-02T14:00:00,601.155,162.001,97.777,64.224,0,8,99.151,22.25,59.9698,13.7513,120.253,26.03,0,0,0,439.155
2026-01-02T14:15:00,565.542,179.976,116.788,63.187,0,8,99.151,22.25,60.0247,13.8254,104.892,25.415,0,0,0,385.566
2026-01-02T14:30:00,620.297,173.667,127.411,46.256,0,8,99.151,22.25,59.9622,13.7941,122.552,27.559,0,0,0,446.63
2026-01-02T14:45:00,633.253,173.029,102.313,70.715,0,8,99.151,22.25,60.0859,12.9231,121.305,25.939,0,0,1,460.224
2026-01-02T15:00:00,601.66,141.989,91.522,50.467,0,8,99.151,22.25,59.9189,13.6889,118.398,29.092,0,0,0,459.671
2026-01-02T15:15:00,649.631,136.162,74.905,61.257,0,8,99.151,22.25,59.8994,13.643,129.783,28.304,0,0,0,513.469
2026-01-02T15:30:00,620.164,128.93,80.43,48.5,0,8,99.151,22.25,59.9088,13.718,132.915,27.762,0,0,0,491.234
2026-01-02T15:45:00,613.672,53.987,48.866,5.121,0,8,99.151,22.25,59.8689,13.5562,146.945,28.308,0,0,0,559.685
2026-01-02T16:00:00,647.754,61.514,44.568,16.946,0,8,99.151,22.25,59.8368,13.5227,177.623,28.207,1,0,0,586.24
2026-01-02T16:15:00,639.802,141.047,44.342,96.705,0,8,99.151,22.25,59.8993,13.6694,130.734,28.951,0,0,0,498.755
2026-01-02T16:30:00,668.618,89.165,35.34,53.825,0,8,99.151,22.25,59.8467,13.5494,177.497,28.455,1,0,0,579.453
2026-01-02T16:45:00,614.604,108.066,20.806,87.259,0,8,99.151,22.25,59.9039,13.6871,136.027,27.589,0,0,0,506.538
2026-01-02T17:00:00,677.299,98.093,18.507,79.586,0,8,99.151,22.25,59.8241,13.5567,186.952,26.199,1,0,0,579.206
2026-01-02T17:15:00,696.856,82.777,10.191,72.586,0,8,99.151,22.25,59.8523,13.4959,188.533,26.35,1,0,0,614.079
2026-01-02T17:30:00,671.649,72.913,5.538,67.375,0,8,99.151,22.25,59.8412,13.5071,179.441,29.048,1,0,0,598.737
2026-01-02T17:45:00,670.912,81.885,1.246,80.639,0,8,99.151,22.25,59.8311,13.629,181.695,27.709,1,0,0,589.027
2026-01-02T18:00:00,692.431,88.774,0.0,88.774,0,8,99.151,22.25,59.8324,13.5549,187.633,25.305,1,0,0,603.656
2026-01-02T18:15:00,695.951,68.148,0.0,68.148,0,8,99.151,22.25,59.8392,13.4569,193.958,28.538,1,0,0,627.802
2026-01-02T18:30:00,707.59,67.583,0.0,67.583,0,8,99.151,22.25,59.8115,13.4991,192.354,27.899,1,0,0,640.007
2026-01-02T18:45:00,687.795,88.83,0.0,88.83,0,8,99.151,22.25,59.8139,13.5032,186.582,26.22,1,0,0,598.965
2026-01-02T19:00:00,631.33,85.612,0.0,85.612,0,8,99.151,22.25,59.8719,13.5312,179.921,27.445,1,0,0,545.718
2026-01-02T19:15:00,652.042,90.173,0.0,90.173,0,8,99.151,22.25,59.853,13.5546,183.138,27.553,1,0,0,561.869
2026-01-02T19:30:00,641.65,69.788,0.0,69.788,0,8,99.151,22.25,59.8646,13.4948,172.883,26.96,1,0,0,571.861
2026-01-02T19:45:00,672.444,120.188,0.0,120.188,0,8,99.151,22.25,59.8811,13.5858,174.159,26.893,1,0,0,552.256
2026-01-02T20:00:00,639.342,110.365,0.0,110.365,0,8,99.151,22.25,59.8807,13.5932,169.828,25.86,1,0,0,528.977
2026-01-02T20:15:00,643.871,74.492,0.0,74.492,0,8,99.151,22.25,59.8853,13.5214,181.568,26.658,1,0,0,569.379
2026-01-02T20:30:00,625.893,112.576,0.0,112.576,0,8,99.151,22.25,59.8941,13.6003,174.248,26.113,1,0,0,513.317
2026-01-02T20:45:00,615.181,70.54,0.0,70.54,0,8,99.151,22.25,59.861,13.5921,178.299,27.955,1,0,0,544.641
2026-01-02T21:00:00,607.144,78.588,0.0,78.588,0,8,99.151,22.25,59.8822,13.6052,167.7,28.105,1,0,0,528.555
2026-01-02T21:15:00,599.613,109.567,0.0,109.567,0,8,99.151,22.25,59.8833,13.7217,137.735,26.26,0,0,0,490.046
2026-01-02T21:30:00,590.967,53.757,0.0,53.757,0,8,99.151,22.25,59.8472,13.6133,145.861,30.076,0,0,0,537.209
2026-01-02T21:45:00,580.039,109.741,0.0,109.741,0,8,99.151,22.25,59.9355,13.7541,125.56,26.826,0,0,0,470.298
2026-01-02T22:00:00,618.532,86.816,0.0,86.816,0,8,99.151,22.25,59.7235,12.8602,137.362,28.045,0,1,1,531.717
2026-01-02T22:15:00,540.3,116.121,0.0,116.121,0,8,99.151,22.25,59.9618,13.7205,111.244,26.367,0,0,0,424.179
2026-01-02T22:30:00,553.966,116.811,0.0,116.811,0,8,99.151,22.25,59.9538,13.7169,119.205,27.459,0,0,0,437.155
2026-01-02T22:45:00,559.036,115.579,0.0,115.579,0,8,99.151,22.25,59.9897,13.815,126.84,28.873,0,0,0,443.457
2026-01-02T23:00:00,511.183,127.251,0.0,127.251,0,8,99.151,22.25,59.9905,13.8278,106.337,26.94,0,0,0,383.932
2026-01-02T23:15:00,537.572,113.872,0.0,113.872,0,8,99.151,22.25,59.9975,13.7188,115.231,29.201,0,0,0,423.7
2026-01-02T23:30:00,516.519,142.978,0.0,142.978,0,8,99.151,22.25,60.0007,13.8464,109.42,27.354,0,0,0,373.541
2026-01-02T23:45:00,517.35,96.408,0.0,96.408,0,8,99.151,22.25,59.9893,13.8138,112.193,26.248,0,0,0,420.942
2026-01-03T00:00:00,496.73,124.479,0.0,124.479,0,8,99.151,22.25,60.0196,13.7719,101.359,27.379,0,0,0,372.25
2026-01-03T00:15:00,452.052,92.611,0.0,92.611,0,8,99.151,22.25,60.0123,13.8491,110.974,26.672,0,0,0,359.441
2026-01-03T00:30:00,519.768,98.227,0.0,98.227,0,8,99.151,22.25,59.9789,13.805,107.88,27.274,0,0,0,421.541
2026-01-03T00:45:00,529.761,118.112,0.0,118.112,0,8,99.151,22.25,59.9511,13.7436,111.535,27.087,0,0,0,411.649
2026-01-03T01:00:00,496.666,148.553,0.0,148.553,0,8,99.151,22.25,60.0456,13.8528,101.759,27.623,0,0,0,348.113
2026-01-03T01:15:00,507.102,122.039,0.0,122.039,0,8,99.151,22.25,60.0194,13.7908,111.265,26.237,0,0,0,385.063
2026-01-03T01:30:00,499.273,134.79,0.0,134.79,0,8,99.151,22.25,60.0322,13.8857,115.851,27.749,0,0,0,364.482
2026-01-03T01:45:00,491.197,145.889,0.0,145.889,0,8,99.151,22.25,60.0608,13.9369,114.928,26.328,0,0,0,345.308
2026-01-03T02:00:00,476.827,131.184,0.0,131.184,0,8,99.151,22.25,60.0493,13.8166,103.907,27.375,0,0,0,345.643
2026-01-03T02:15:00,497.564,88.426,0.0,88.426,0,8,99.151,22.25,59.9967,13.7814,109.011,28.035,0,0,0,409.138
2026-01-03T02:30:00,502.452,115.213,0.0,115.213,0,8,99.151,22.25,60.0035,13.8775,111.432,27.295,0,0,0,387.239
2026-01-03T02:45:00,491.551,146.868,0.0,146.868,0,8,99.151,22.25,60.0327,13.882,105.691,26.621,0,0,0,344.683
2026-01-03T03:00:00,488.71,156.339,0.0,156.339,0,8,99.151,22.25,60.05,13.9662,105.44,27.088,0,0,0,332.371
2026-01-03T03:15:00,484.9,109.6,0.0,109.6,0,8,99.151,22.25,60.063,13.9088,107.65,27.983,0,0,0,375.3
2026-01-03T03:30:00,505.602,126.773,0.0,126.773,0,8,99.151,22.25,59.9976,13.8027,109.808,27.978,0,0,0,378.829
2026-01-03T03:45:00,498.315,138.65,0.0,138.65,0,8,99.151,22.25,60.0676,13.8168,110.011,28.412,0,0,0,359.665
2026-01-03T04:00:00,499.793,100.22,0.0,100.22,0,8,99.151,22.25,59.9807,13.8074,115.753,29.717,0,0,0,399.574
2026-01-03T04:15:00,493.627,148.283,0.0,148.283,0,8,99.151,22.25,60.0485,13.8142,106.561,25.053,0,0,0,345.344
2026-01-03T04:30:00,519.131,101.508,0.0,101.508,0,8,99.151,22.25,60.0035,13.688,118.866,26.733,0,0,0,417.623
2026-01-03T04:45:00,509.383,121.549,0.0,121.549,0,8,99.151,22.25,59.9719,13.825,109.115,25.417,0,0,0,387.834
2026-01-03T05:00:00,531.508,126.821,0.0,126.821,0,8,99.151,22.25,59.9947,13.8018,109.268,26.406,0,0,0,404.688
2026-01-03T05:15:00,540.159,122.199,0.0,122.199,0,8,99.151,22.25,60.0202,13.8083,115.701,25.693,0,0,0,417.96
2026-01-03T05:30:00,522.016,123.433,0.0,123.433,0,8,99.151,22.25,60.0182,13.7923,109.671,25.619,0,0,0,398.582
2026-01-03T05:45:00,507.674,133.249,0.0,133.249,0,8,99.151,22.25,60.0457,13.9046,117.341,26.499,0,0,0,374.425
2026-01-03T06:00:00,564.456,116.558,0.0,116.558,0,8,99.151,22.25,59.9792,13.7214,126.036,25.408,0,0,0,447.898
2026-01-03T06:15:00,541.784,126.241,1.542,124.699,0,8,99.151,22.25,60.0085,13.7226,118.249,27.588,0,0,0,415.543
2026-01-03T06:30:00,551.063,96.829,6.261,90.568,0,8,99.151,22.25,59.9376,13.6914,123.85,27.41,0,0,0,454.234
2026-01-03T06:45:00,578.234,110.976,9.756,101.221,0,8,99.151,22.25,59.9444,13.6747,119.612,26.544,0,0,0,467.258
2026-01-03T07:00:00,580.043,171.426,17.089,154.337,0,8,99.151,22.25,59.9957,13.8788,116.594,24.989,0,0,0,408.617
2026-01-03T07:15:00,566.052,129.587,24.415,105.172,0,8,99.151,22.25,59.9813,13.8058,115.095,26.023,0,0,0,436.465
2026-01-03T07:30:00,601.573,140.713,29.6,111.113,0,8,99.151,22.25,59.9355,13.7294,118.852,26.74,0,0,0,460.86
2026-01-03T07:45:00,579.995,149.173,49.107,100.066,0,8,99.151,22.25,59.9912,13.7702,122.296,27.966,0,0,0,430.822
2026-01-03T08:00:00,578.852,142.757,45.155,97.602,0,8,99.151,22.25,59.9539,13.7862,124.341,27.573,0,0,0,436.095
2026-01-03T08:15:00,610.912,149.116,43.9,105.216,0,8,99.151,22.25,59.9246,13.6722,131.609,27.878,0,0,0,461.796
2026-01-03T08:30:00,605.613,225.467,86.62,138.846,0,8,99.151,22.25,60.0153,13.7553,111.044,27.694,0,0,0,380.146
2026-01-03T08:45:00,617.383,153.917,75.358,78.558,0,8,99.151,22.25,59.9419,13.7541,125.66,27.967,0,0,0,463.466
2026-01-03T09:00:00,589.319,198.134,88.509,109.625,0,8,99.151,22.25,60.0086,13.7738,114.5,25.335,0,0,0,391.185
2026-01-03T09:15:00,590.671,209.546,114.254,95.292,0,8,99.151,22.25,59.9912,13.7921,115.655,27.142,0,0,0,381.126
2026-01-03T09:30:00,593.681,194.535,93.592,100.943,0,8,99.151,22.25,59.9847,13.8664,104.739,26.175,0,0,0,399.146
2026-01-03T09:45:00,582.482,187.614,134.995,52.62,0,8,99.151,22.25,59.9934,13.7994,111.761,27.484,0,0,0,394.867
2026-01-03T10:00:00,623.8,232.168,152.536,79.631,0,8,99.151,22.25,60.0091,13.8141,119.087,27.914,0,0,0,391.633
2026-01-03T10:15:00,576.578,188.103,113.167,74.935,0,8,99.151,22.25,59.9826,13.7374,110.567,27.106,0,0,0,388.475
2026-01-03T10:30:00,576.336,210.156,134.931,75.225,0,8,99.151,22.25,60.0143,13.8425,114.279,27.185,0,0,0,366.18
2026-01-03T10:45:00,569.971,176.697,120.715,55.981,0,8,99.151,22.25,60.0071,13.8726,117.034,26.34,0,0,0,393.274
2026-01-03T11:00:00,556.049,296.563,194.355,102.208,0,8,99.151,22.25,60.1145,13.9748,85.82,27.209,0,0,0,259.486
2026-01-03T11:15:00,615.188,216.676,114.65,102.027,0,8,99.151,22.25,59.9759,13.8119,110.509,27.6,0,0,0,398.512
2026-01-03T11:30:00,597.673,233.945,144.676,89.269,0,8,99.151,22.25,60.0627,13.7924,118.159,26.578,0,0,0,363.727
2026-01-03T11:45:00,590.249,191.019,140.605,50.414,0,8,99.151,22.25,59.9964,13.8565,119.26,26.234,0,0,0,399.23
2026-01-03T12:00:00,662.353,230.879,129.126,101.753,0,8,99.151,22.25,59.8269,14.3564,122.853,25.158,0,1,1,431.474
2026-01-03T12:15:00,561.607,227.297,184.732,42.566,0,8,99.151,22.25,60.0821,13.9338,103.715,25.372,0,0,0,334.31
2026-01-03T12:30:00,580.655,241.996,170.184,71.812,0,8,99.151,22.25,60.0678,13.8843,98.896,26.029,0,0,0,338.658
2026-01-03T12:45:00,575.913,202.983,162.319,40.664,0,8,99.151,22.25,60.0079,13.818,107.309,27.497,0,0,0,372.93
2026-01-03T13:00:00,570.357,208.025,132.764,75.261,0,8,99.151,22.25,60.0421,13.8934,102.116,28.318,0,0,0,362.333
2026-01-03T13:15:00,607.775,256.597,170.852,85.746,0,8,99.151,22.25,60.0207,13.8974,106.581,27.282,0,0,0,351.178
2026-01-03T13:30:00,583.49,214.239,150.261,63.979,0,8,99.151,22.25,60.0447,13.8497,110.18,24.855,0,0,0,369.251
2026-01-03T13:45:00,577.531,147.672,115.054,32.618,0,8,99.151,22.25,59.9815,13.7864,113.345,26.779,0,0,0,429.859
2026-01-03T14:00:00,589.938,179.457,112.627,66.83,0,8,99.151,22.25,60.0181,13.7596,116.658,25.981,0,0,0,410.481
2026-01-03T14:15:00,574.732,126.746,84.863,41.883,0,8,99.151,22.25,59.9331,13.7894,116.549,28.287,0,0,0,447.986
2026-01-03T14:30:00,565.292,187.86,115.821,72.038,0,8,99.151,22.25,60.0123,13.7855,108.243,28.421,0,0,0,377.433
2026-01-03T14:45:00,586.066,174.49,107.949,66.541,0,8,99.151,22.25,59.9835,13.8151,122.922,26.614,0,0,0,411.577
2026-01-03T15:00:00,578.4,207.151,116.361,90.789,0,8,99.151,22.25,60.053,13.8553,111.737,28.7,0,0,0,371.249
2026-01-03T15:15:00,616.307,150.802,60.114,90.688,0,8,99.151,22.25,59.9397,13.6799,129.896,25.4,0,0,0,465.504
2026-01-03T15:30:00,615.681,132.877,64.998,67.879,0,8,99.151,22.25,59.9103,13.6483,123.779,27.467,0,0,0,482.804
2026-01-03T15:45:00,634.332,117.701,76.219,41.482,0,8,99.151,22.25,59.8677,13.5696,132.804,25.08,0,0,0,516.631
2026-01-03T16:00:00,630.626,140.161,53.37,86.791,0,8,99.151,22.25,59.8947,13.5707,124.975,26.388,0,0,0,490.466
2026-01-03T16:15:00,640.048,82.943,34.101,48.842,0,8,99.151,22.25,59.8616,13.5349,142.178,25.595,0,0,0,557.105
2026-01-03T16:30:00,621.809,91.027,25.347,65.68,0,8,99.151,22.25,59.8774,13.701,142.133,26.982,0,0,0,530.782
2026-01-03T16:45:00,665.059,52.958,21.483,31.475,0,8,99.151,22.25,59.815,13.4985,189.215,25.696,1,0,0,612.101
2026-01-03T17:00:00,653.212,81.374,18.355,63.019,0,8,99.151,22.25,59.8789,13.5935,184.561,27.143,1,0,0,571.838
2026-01-03T17:15:00,663.45,47.137,9.121,38.016,0,8,99.151,22.25,59.8236,13.4149,184.95,27.547,1,0,0,616.313
2026-01-03T17:30:00,660.38,52.922,6.244,46.678,0,8,99.151,22.25,59.8362,13.4897,183.315,27.363,1,0,0,607.458
2026-01-03T17:45:00,664.345,32.619,1.852,30.767,0,8,99.151,22.25,59.8059,13.4733,187.995,26.759,1,0,0,631.726
2026-01-03T18:00:00,632.828,69.977,0.0,69.977,0,8,99.151,22.25,59.8497,13.5956,177.775,27.339,1,0,0,562.851
2026-01-03T18:15:00,661.239,36.407,0.0,36.407,0,8,99.151,22.25,59.8095,13.4851,188.84,26.158,1,0,0,624.832
2026-01-03T18:30:00,682.979,85.475,0.0,85.475,0,8,99.151,22.25,59.7929,13.4803,181.461,27.591,1,0,0,597.504
2026-01-03T18:45:00,674.17,82.706,0.0,82.706,0,8,99.151,22.25,59.8667,13.4299,187.501,25.719,1,0,0,591.464
2026-01-03T19:00:00,670.023,92.527,0.0,92.527,0,8,99.151,22.25,59.8443,13.4865,178.034,27.692,1,0,0,577.496
2026-01-03T19:15:00,631.969,61.836,0.0,61.836,0,8,99.151,22.25,59.8598,13.4878,181.144,27.897,1,0,0,570.134
2026-01-03T19:30:00,630.976,78.928,0.0,78.928,0,8,99.151,22.25,59.8415,13.5522,165.553,26.098,1,0,0,552.048
2026-01-03T19:45:00,630.372,85.486,0.0,85.486,0,8,99.151,22.25,59.8801,13.5745,174.363,26.318,1,0,0,544.885
2026-01-03T20:00:00,635.046,76.184,0.0,76.184,0,8,99.151,22.25,59.8628,13.4931,179.636,26.301,1,0,0,558.862
2026-01-03T20:15:00,606.655,71.471,0.0,71.471,0,8,99.151,22.25,59.865,13.5736,177.146,25.166,1,0,0,535.183
2026-01-03T20:30:00,630.093,135.742,0.0,135.742,0,8,99.151,22.25,59.9466,13.6099,171.578,26.61,1,0,0,494.351
2026-01-03T20:45:00,596.698,69.048,0.0,69.048,0,8,99.151,22.25,59.8983,13.6273,169.51,25.58,1,0,0,527.65
2026-01-03T21:00:00,585.644,130.519,0.0,130.519,0,8,99.151,22.25,59.9481,13.7299,156.135,25.857,1,0,0,455.125
2026-01-03T21:15:00,575.863,74.188,0.0,74.188,0,8,99.151,22.25,59.8899,13.6519,135.461,26.156,0,0,0,501.675
2026-01-03T21:30:00,567.236,89.453,0.0,89.453,0,8,99.151,22.25,59.939,13.6399,125.467,24.973,0,0,0,477.783
2026-01-03T21:45:00,561.51,78.191,0.0,78.191,0,8,99.151,22.25,59.9482,13.6116,126.974,26.83,0,0,0,483.319
2026-01-03T22:00:00,544.001,95.202,0.0,95.202,0,8,99.151,22.25,59.9694,13.7684,131.947,27.259,0,0,0,448.799
2026-01-03T22:15:00,487.531,132.504,0.0,132.504,0,8,99.151,22.25,60.0439,13.8535,103.296,29.123,0,0,0,355.027
2026-01-03T22:30:00,547.754,120.409,0.0,120.409,0,8,99.151,22.25,59.9774,13.7114,114.388,25.744,0,0,0,427.345
2026-01-03T22:45:00,529.404,115.725,0.0,115.725,0,8,99.151,22.25,60.0049,13.7816,112.154,26.855,0,0,0,413.679
2026-01-03T23:00:00,529.819,86.325,0.0,86.325,0,8,99.151,22.25,59.9768,13.7608,127.961,28.06,0,0,0,443.493
2026-01-03T23:15:00,486.977,136.626,0.0,136.626,0,8,99.151,22.25,60.0194,13.8505,104.398,26.629,0,0,0,350.351
2026-01-03T23:30:00,497.427,125.055,0.0,125.055,0,8,99.151,22.25,60.0313,13.9353,105.803,26.208,0,0,0,372.372
2026-01-03T23:45:00,518.488,138.355,0.0,138.355,0,8,99.151,22.25,60.0085,13.803,111.194,26.197,0,0,0,380.133
2026-01-04T00:00:00,488.45,101.344,0.0,101.344,0,8,99.151,22.25,60.0178,13.8784,116.359,25.158,0,0,0,387.106
2026-01-04T00:15:00,471.391,137.197,0.0,137.197,0,8,99.151,22.25,60.0574,13.9628,102.419,28.084,0,0,0,334.194
2026-01-04T00:30:00,489.885,118.555,0.0,118.555,0,8,99.151,22.25,60.0045,13.87,103.047,28.372,0,0,0,371.329
2026-01-04T00:45:00,440.25,132.643,0.0,132.643,0,8,99.151,22.25,60.1173,13.8873,100.147,27.066,0,0,0,307.607
2026-01-04T01:00:00,479.988,153.935,0.0,153.935,0,8,99.151,22.25,60.0528,13.9048,96.013,27.907,0,0,0,326.053
2026-01-04T01:15:00,516.534,145.749,0.0,145.749,0,8,99.151,22.25,60.027,13.7789,106.276,28.295,0,0,0,370.785
2026-01-04T01:30:00,477.789,145.199,0.0,145.199,0,8,99.151,22.25,60.0758,13.9424,102.182,29.5,0,0,0,332.591
2026-01-04T01:45:00,471.789,100.769,0.0,100.769,0,8,99.151,22.25,60.008,13.8444,109.177,27.126,0,0,0,371.019
2026-01-04T02:00:00,488.686,112.859,0.0,112.859,0,8,99.151,22.25,60.049,13.9015,114.2,25.724,0,0,0,375.826
2026-01-04T02:15:00,465.486,137.776,0.0,137.776,0,8,99.151,22.25,60.0554,13.9074,97.729,26.075,0,0,0,327.71
2026-01-04T02:30:00,487.837,137.834,0.0,137.834,0,8,99.151,22.25,60.0424,13.8718,104.092,26.516,0,0,0,350.003
2026-01-04T02:45:00,488.395,128.396,0.0,128.396,0,8,99.151,22.25,60.0657,13.8779,111.187,29.521,0,0,0,359.999
2026-01-04T03:00:00,477.748,116.169,0.0,116.169,0,8,99.151,22.25,60.0245,13.8478,103.902,28.862,0,0,0,361.579
2026-01-04T03:15:00,495.818,132.542,0.0,132.542,0,8,99.151,22.25,60.0519,13.7972,100.737,28.313,0,0,0,363.276
2026-01-04T03:30:00,501.515,139.104,0.0,139.104,0,8,99.151,22.25,60.0328,13.8995,108.646,25.238,0,0,0,362.411
2026-01-04T03:45:00,515.792,126.827,0.0,126.827,0,8,99.151,22.25,60.013,13.8125,112.665,26.398,0,0,0,388.965
2026-01-04T04:00:00,567.713,103.583,0.0,103.583,0,8,99.151,22.25,59.7812,14.3523,120.877,28.263,0,1,1,464.13
2026-01-04T04:15:00,487.496,126.441,0.0,126.441,0,8,99.151,22.25,60.0505,13.8256,114.511,28.369,0,0,0,361.055
2026-01-04T04:30:00,466.299,164.18,0.0,164.18,0,8,99.151,22.25,60.104,13.9732,101.332,28.515,0,0,0,302.119
2026-01-04T04:45:00,511.922,121.01,0.0,121.01,0,8,99.151,22.25,60.0063,13.7744,114.314,25.378,0,0,0,390.912
2026-01-04T05:00:00,514.7,129.265,0.0,129.265,0,8,99.151,22.25,59.9944,13.8316,112.721,27.546,0,0,0,385.435
2026-01-04T05:15:00,521.026,118.926,0.0,118.926,0,8,99.151,22.25,59.985,13.7193,116.087,27.441,0,0,0,402.101
2026-01-04T05:30:00,545.715,130.094,0.0,130.094,0,8,99.151,22.25,59.9598,13.7709,116.854,28.031,0,0,0,415.622
2026-01-04T05:45:00,526.691,118.772,0.0,118.772,0,8,99.151,22.25,59.9617,13.8073,115.389,26.166,0,0,0,407.919
2026-01-04T06:00:00,559.54,120.284,0.0,120.284,0,8,99.151,22.25,59.9489,13.6938,122.79,26.05,0,0,0,439.257
2026-01-04T06:15:00,534.907,153.468,1.179,152.289,0,8,99.151,22.25,60.0427,13.8985,114.202,26.315,0,0,0,381.439
2026-01-04T06:30:00,541.29,123.188,4.123,119.065,0,8,99.151,22.25,59.9811,13.7796,110.617,26.085,0,0,0,418.102
2026-01-04T06:45:00,555.68,133.124,8.821,124.302,0,8,99.151,22.25,59.9709,13.7432,118.85,26.805,0,0,0,422.556
2026-01-04T07:00:00,539.729,137.55,14.262,123.287,0,8,99.151,22.25,60.0146,13.7603,116.128,27.557,0,0,0,402.179
2026-01-04T07:15:00,571.92,101.726,27.506,74.22,0,8,99.151,22.25,59.9008,13.7043,123.459,28.068,0,0,0,470.194
2026-01-04T07:30:00,559.991,140.509,26.607,113.902,0,8,99.151,22.25,60.0353,13.8208,123.015,25.837,0,0,0,419.482
2026-01-04T07:45:00,578.285,56.05,31.223,24.826,0,8,99.151,22.25,59.9124,13.5248,134.263,26.278,0,0,0,522.236
2026-01-04T08:00:00,585.621,159.74,58.742,100.998,0,8,99.151,22.25,59.9843,13.738,113.979,28.663,0,0,0,425.881
2026-01-04T08:15:00,584.508,113.505,43.506,69.999,0,8,99.151,22.25,59.9183,13.671,123.812,24.457,0,0,0,471.003
2026-01-04T08:30:00,609.336,155.825,62.237,93.588,0,8,99.151,22.25,59.9559,13.7512,121.895,27.029,0,0,0,453.512
2026-01-04T08:45:00,611.51,157.516,62.969,94.547,0,8,99.151,22.25,59.963,13.686,121.87,24.588,0,0,0,453.994
2026-01-04T09:00:00,543.61,177.342,108.456,68.886,0,8,99.151,22.25,59.9986,13.9272,114.445,24.852,0,0,0,366.268
2026-01-04T09:15:00,582.783,179.984,80.286,99.698,0,8,99.151,22.25,60.0229,13.7799,121.226,26.383,0,0,0,402.799
2026-01-04T09:30:00,593.167,209.399,128.101,81.299,0,8,99.151,22.25,60.0208,13.8587,111.971,28.446,0,0,0,383.768
2026-01-04T09:45:00,583.901,258.063,149.904,108.159,0,8,99.151,22.25,60.0675,13.9087,90.664,29.226,0,0,0,325.838
2026-01-04T10:00:00,599.5,190.052,132.296,57.756,0,8,99.151,22.25,59.9916,13.7527,117.731,26.765,0,0,0,409.448
2026-01-04T10:15:00,575.941,268.303,151.67,116.633,0,8,99.151,22.25,60.0652,13.9502,92.018,25.24,0,0,0,307.637
2026-01-04T10:30:00,567.83,185.649,101.061,84.588,0,8,99.151,22.25,60.0518,13.8087,105.894,28.174,0,0,0,382.181
2026-01-04T10:45:00,539.514,240.006,146.574,93.431,0,8,99.151,22.25,60.0813,13.926,99.724,25.797,0,0,0,299.508
2026-01-04T11:00:00,559.516,253.891,193.675,60.217,0,8,99.151,22.25,60.0595,13.9931,99.194,27.302,0,0,0,305.625
2026-01-04T11:15:00,555.977,234.579,167.861,66.718,0,8,99.151,22.25,60.0769,13.9083,98.854,27.03,0,0,0,321.399
2026-01-04T11:30:00,553.223,209.315,131.518,77.796,0,8,99.151,22.25,60.0459,13.8491,101.819,25.336,0,0,0,343.908
2026-01-04T11:45:00,548.868,268.783,194.158,74.626,0,8,99.151,22.25,60.0884,13.9964,94.57,27.856,0,0,0,280.085
2026-01-04T12:00:00,539.613,190.327,131.644,58.683,0,8,99.151,22.25,60.0517,13.8439,104.442,27.439,0,0,0,349.286
2026-01-04T12:15:00,524.97,233.26,166.313,66.948,0,8,99.151,22.25,60.0787,13.9982,97.821,29.101,0,0,0,291.709
2026-01-04T12:30:00,537.879,186.125,119.566,66.559,0,8,99.151,22.25,60.0552,13.8936,105.399,25.368,0,0,0,351.754
2026-01-04T12:45:00,571.068,245.811,188.63,57.181,0,8,99.151,22.25,60.0283,13.8921,102.282,25.959,0,0,0,325.257
2026-01-04T13:00:00,564.867,234.744,189.319,45.425,0,8,99.151,22.25,60.0856,13.8575,100.371,25.733,0,0,0,330.123
2026-01-04T13:15:00,547.385,172.934,120.165,52.769,0,8,99.151,22.25,60.0251,13.8165,120.055,26.711,0,0,0,374.451
2026-01-04T13:30:00,572.58,209.931,152.764,57.167,0,8,99.151,22.25,60.0655,13.803,108.835,26.266,0,0,0,362.649
2026-01-04T13:45:00,545.939,188.607,117.682,70.925,0,8,99.151,22.25,60.042,13.8028,98.466,27.581,0,0,0,357.332
2026-01-04T14:00:00,546.947,201.194,133.952,67.241,0,8,99.151,22.25,60.0667,13.8551,104.734,24.397,0,0,0,345.753
2026-01-04T14:15:00,560.733,193.598,112.768,80.83,0,8,99.151,22.25,60.0241,13.8414,104.663,27.85,0,0,0,367.135
2026-01-04T14:30:00,583.084,158.231,80.397,77.833,0,8,99.151,22.25,59.9812,13.837,121.233,26.369,0,0,0,424.853
2026-01-04T14:45:00,577.047,142.395,88.755,53.64,0,8,99.151,22.25,59.9678,13.7287,119.356,28.256,0,0,0,434.653
2026-01-04T15:00:00,608.753,203.814,107.373,96.44,0,8,99.151,22.25,59.9887,13.7696,114.383,28.134,0,0,0,404.939
2026-01-04T15:15:00,597.911,123.955,97.263,26.692,0,8,99.151,22.25,59.9455,13.7217,129.39,25.806,0,0,0,473.956
2026-01-04T15:30:00,613.318,136.554,50.852,85.702,0,8,99.151,22.25,59.9418,13.6557,130.48,28.948,0,0,0,476.764
2026-01-04T15:45:00,621.555,112.483,71.176,41.307,0,8,99.151,22.25,59.9105,13.6443,127.954,26.95,0,0,0,509.072
2026-01-04T16:00:00,598.837,102.879,52.619,50.259,0,8,99.151,22.25,59.942,13.61,129.87,27.532,0,0,0,495.958
2026-01-04T16:15:00,611.138,119.576,42.371,77.205,0,8,99.151,22.25,59.9059,13.6085,138.181,26.526,0,0,0,491.562
2026-01-04T16:30:00,619.239,97.642,36.734,60.908,0,8,99.151,22.25,60.022,14.1888,144.683,27.135,0,0,1,521.597
2026-01-04T16:45:00,623.151,58.194,29.065,29.129,0,8,99.151,22.25,59.8628,13.59,182.334,26.021,1,0,0,564.957
2026-01-04T17:00:00,790.254,63.028,20.783,42.245,0,8,99.151,22.25,59.5497,13.9088,211.636,25.805,1,1,1,727.226
2026-01-04T17:15:00,685.035,97.608,12.237,85.371,0,8,99.151,22.25,59.8525,13.4951,183.296,28.729,1,0,0,587.427
2026-01-04T17:30:00,648.959,26.756,6.004,20.752,0,8,99.151,22.25,59.799,13.4015,185.24,26.049,1,0,0,622.203
2026-01-04T17:45:00,661.279,66.163,1.475,64.687,0,8,99.151,22.25,59.8236,13.4946,191.244,27.38,1,0,0,595.117
2026-01-04T18:00:00,654.062,90.91,0.0,90.91,0,8,99.151,22.25,59.8808,13.4841,177.124,25.846,1,0,0,563.152
2026-01-04T18:15:00,653.813,76.492,0.0,76.492,0,8,99.151,22.25,59.8604,13.596,184.35,25.258,1,0,0,577.321
2026-01-04T18:30:00,661.877,80.056,0.0,80.056,0,8,99.151,22.25,59.8445,13.5647,183.579,26.041,1,0,0,581.821
2026-01-04T18:45:00,614.301,79.386,0.0,79.386,0,8,99.151,22.25,59.8491,13.5974,181.853,27.999,1,0,0,534.915
2026-01-04T19:00:00,639.231,80.363,0.0,80.363,0,8,99.151,22.25,59.8294,13.5203,179.857,28.074,1,0,0,558.868
2026-01-04T19:15:00,623.924,105.077,0.0,105.077,0,8,99.151,22.25,59.8978,13.6185,169.696,26.497,1,0,0,518.847
2026-01-04T19:30:00,626.83,66.099,0.0,66.099,0,8,99.151,22.25,59.8442,13.5169,179.078,26.529,1,0,0,560.73
2026-01-04T19:45:00,632.223,76.178,0.0,76.178,0,8,99.151,22.25,59.8524,13.6425,177.618,27.133,1,0,0,556.045
2026-01-04T20:00:00,596.62,57.528,0.0,57.528,0,8,99.151,22.25,59.8639,13.6314,173.862,27.479,1,0,0,539.092
2026-01-04T20:15:00,601.638,69.925,0.0,69.925,0,8,99.151,22.25,59.9331,13.5067,170.722,26.431,1,0,0,531.713
2026-01-04T20:30:00,596.471,76.342,0.0,76.342,0,8,99.151,22.25,59.9018,13.6917,175.163,26.45,1,0,0,520.129
2026-01-04T20:45:00,570.436,63.083,0.0,63.083,0,8,99.151,22.25,59.9186,13.6147,168.678,26.754,1,0,0,507.354
2026-01-04T21:00:00,610.41,111.453,0.0,111.453,0,8,99.151,22.25,59.9006,13.6735,173.885,27.208,1,0,0,498.957
2026-01-04T21:15:00,540.665,96.202,0.0,96.202,0,8,99.151,22.25,59.9547,13.7029,120.144,28.537,0,0,0,444.463
2026-01-04T21:30:00,558.62,125.308,0.0,125.308,0,8,99.151,22.25,59.9811,13.7686,121.45,27.365,0,0,0,433.312
2026-01-04T21:45:00,527.239,123.282,0.0,123.282,0,8,99.151,22.25,59.9844,13.7948,114.393,27.299,0,0,0,403.957
2026-01-04T22:00:00,518.819,102.613,0.0,102.613,0,8,99.151,22.25,59.9909,13.7914,119.953,25.593,0,0,0,416.207
2026-01-04T22:15:00,509.534,94.456,0.0,94.456,0,8,99.151,22.25,59.9791,13.782,120.057,26.934,0,0,0,415.078
2026-01-04T22:30:00,515.801,109.842,0.0,109.842,0,8,99.151,22.25,59.9952,13.7773,114.944,26.51,0,0,0,405.959
2026-01-04T22:45:00,490.904,97.461,0.0,97.461,0,8,99.151,22.25,60.0332,13.8554,106.897,25.435,0,0,0,393.443
2026-01-04T23:00:00,456.539,139.899,0.0,139.899,0,8,99.151,22.25,60.0518,13.8604,103.237,25.409,0,0,0,316.64
2026-01-04T23:15:00,482.554,105.441,0.0,105.441,0,8,99.151,22.25,60.0282,13.7702,105.261,27.74,0,0,0,377.113
2026-01-04T23:30:00,468.735,126.84,0.0,126.84,0,8,99.151,22.25,60.077,13.9612,109.231,24.484,0,0,0,341.895
2026-01-04T23:45:00,471.507,118.982,0.0,118.982,0,8,99.151,22.25,60.0429,13.8126,103.759,25.411,0,0,0,352.524
2026-01-05T00:00:00,490.103,113.334,0.0,113.334,0,8,99.151,22.25,60.0126,13.8059,109.272,26.531,0,0,0,376.769
2026-01-05T00:15:00,457.98,101.426,0.0,101.426,0,8,99.151,22.25,60.0304,13.8446,107.516,26.972,0,0,0,356.554
2026-01-05T00:30:00,482.965,88.193,0.0,88.193,0,8,99.151,22.25,60.0166,13.8178,113.665,29.91,0,0,0,394.772
2026-01-05T00:45:00,452.874,130.292,0.0,130.292,0,8,99.151,22.25,60.0573,13.9235,92.597,27.694,0,0,0,322.582
2026-01-05T01:00:00,457.201,115.532,0.0,115.532,0,8,99.151,22.25,60.0297,13.8494,105.247,27.001,0,0,0,341.669
2026-01-05T01:15:00,449.694,123.574,0.0,123.574,0,8,99.151,22.25,60.0662,13.9596,99.828,27.278,0,0,0,326.12
2026-01-05T01:30:00,446.642,109.785,0.0,109.785,0,8,99.151,22.25,60.0566,13.9352,107.726,28.219,0,0,0,336.857
2026-01-05T01:45:00,472.303,122.406,0.0,122.406,0,8,99.151,22.25,60.0608,13.9304,107.279,27.187,0,0,0,349.897
2026-01-05T02:00:00,476.205,143.881,0.0,143.881,0,8,99.151,22.25,60.0631,13.8314,98.361,27.758,0,0,0,332.324
2026-01-05T02:15:00,427.459,150.709,0.0,150.709,0,8,99.151,22.25,60.0803,13.8904,92.422,25.808,0,0,0,276.75
2026-01-05T02:30:00,439.305,127.873,0.0,127.873,0,8,99.151,22.25,60.0348,13.9275,100.491,25.928,0,0,0,311.432
2026-01-05T02:45:00,436.514,112.579,0.0,112.579,0,8,99.151,22.25,60.0469,13.913,93.626,25.655,0,0,0,323.936
2026-01-05T03:00:00,483.401,110.907,0.0,110.907,0,8,99.151,22.25,60.0358,13.8758,113.366,26.777,0,0,0,372.494
2026-01-05T03:15:00,460.812,111.069,0.0,111.069,0,8,99.151,22.25,60.0346,13.8531,102.732,24.498,0,0,0,349.743
2026-01-05T03:30:00,458.576,145.505,0.0,145.505,0,8,99.151,22.25,60.0462,13.9287,92.43,24.756,0,0,0,313.071
2026-01-05T03:45:00,475.223,139.67,0.0,139.67,0,8,99.151,22.25,60.0543,13.8103,100.332,26.008,0,0,0,335.553
2026-01-05T04:00:00,483.014,97.006,0.0,97.006,0,8,99.151,22.25,60.0212,13.8923,115.124,28.297,0,0,0,386.008
2026-01-05T04:15:00,466.35,140.88,0.0,140.88,0,8,99.151,22.25,60.0957,13.9284,98.711,28.768,0,0,0,325.47
2026-01-05T04:30:00,490.241,101.071,0.0,101.071,0,8,99.151,22.25,60.0161,13.7375,109.32,26.696,0,0,0,389.17
2026-01-05T04:45:00,457.831,85.028,0.0,85.028,0,8,99.151,22.25,60.0204,13.8385,112.528,26.856,0,0,0,372.803
2026-01-05T05:00:00,460.963,99.229,0.0,99.229,0,8,99.151,22.25,60.0144,13.797,112.418,26.093,0,0,0,361.734
2026-01-05T05:15:00,464.504,101.002,0.0,101.002,0,8,99.151,22.25,60.0353,13.8804,110.099,28.496,0,0,0,363.501
2026-01-05T05:30:00,480.349,135.313,0.0,135.313,0,8,99.151,22.25,60.033,13.9443,101.455,26.575,0,0,0,345.036
2026-01-05T05:45:00,506.972,133.585,0.0,133.585,0,8,99.151,22.25,59.9992,13.8434,104.806,25.924,0,0,0,373.386
2026-01-05T06:00:00,508.767,100.361,0.0,100.361,0,8,99.151,22.25,59.9736,13.8155,119.829,27.542,0,0,0,408.406
2026-01-05T06:15:00,514.888,130.816,1.45,129.366,0,8,99.151,22.25,59.9539,13.795,112.45,28.803,0,0,0,384.072
2026-01-05T06:30:00,522.137,118.547,4.946,113.601,0,8,99.151,22.25,59.964,13.7162,119.199,26.143,0,0,0,403.59
2026-01-05T06:45:00,511.616,161.604,9.444,152.16,0,8,99.151,22.25,60.0709,13.8308,101.844,26.776,0,0,0,350.013
2026-01-05T07:00:00,539.143,109.599,20.136,89.463,0,8,99.151,22.25,59.9852,13.747,121.016,28.236,0,0,0,429.544
2026-01-05T07:15:00,537.456,133.324,25.975,107.349,0,8,99.151,22.25,59.989,13.8035,115.925,24.823,0,0,0,404.132
2026-01-05T07:30:00,531.538,87.977,34.5,53.477,0,8,99.151,22.25,59.9743,13.7757,128.002,26.326,0,0,0,443.56
2026-01-05T07:45:00,552.867,149.1,42.036,107.063,0,8,99.151,22.25,59.9958,13.8389,112.116,26.641,0,0,0,403.767
2026-01-05T08:00:00,548.449,153.931,51.105,102.826,0,8,99.151,22.25,60.0056,13.7485,109.513,25.815,0,0,0,394.518
2026-01-05T08:15:00,585.754,189.135,69.902,119.233,0,8,99.151,22.25,60.0047,13.757,112.852,27.444,0,0,0,396.619
2026-01-05T08:30:00,543.648,132.721,55.219,77.503,0,8,99.151,22.25,59.9469,13.7512,110.43,28.244,0,0,0,410.927
2026-01-05T08:45:00,537.086,145.425,90.845,54.579,0,8,99.151,22.25,59.9855,13.7936,105.67,28.923,0,0,0,391.661
2026-01-05T09:00:00,572.784,206.577,113.725,92.852,0,8,99.151,22.25,60.0423,13.8272,105.679,28.72,0,0,0,366.207
2026-01-05T09:15:00,537.338,154.583,83.968,70.615,0,8,99.151,22.25,60.0282,13.8992,112.231,26.377,0,0,0,382.755
2026-01-05T09:30:00,568.342,157.318,107.333,49.985,0,8,99.151,22.25,59.9981,13.7919,112.829,26.72,0,0,0,411.024
2026-01-05T09:45:00,528.899,216.075,129.657,86.418,0,8,99.151,22.25,60.0868,13.9077,102.806,27.899,0,0,0,312.824
2026-01-05T10:00:00,529.866,203.573,132.296,71.277,0,8,99.151,22.25,60.0611,13.9125,98.434,27.722,0,0,0,326.293
2026-01-05T10:15:00,541.651,274.693,161.969,112.723,0,8,99.151,22.25,60.1275,13.9647,94.372,28.336,0,0,0,266.959
2026-01-05T10:30:00,527.239,253.096,151.062,102.034,0,8,99.151,22.25,60.1212,14.0319,95.661,25.176,0,0,0,274.143
2026-01-05T10:45:00,536.523,177.732,106.879,70.853,0,8,99.151,22.25,60.0191,13.8392,105.576,26.988,0,0,0,358.791
2026-01-05T11:00:00,546.528,257.802,197.868,59.934,0,8,99.151,22.25,60.0861,13.9908,87.166,27.331,0,0,0,288.726
2026-01-05T11:15:00,526.73,213.926,158.422,55.505,0,8,99.151,22.25,60.0559,13.8563,94.539,27.785,0,0,0,312.803
2026-01-05T11:30:00,519.798,217.556,155.382,62.174,0,8,99.151,22.25,60.0577,13.8473,100.602,29.42,0,0,0,302.242
2026-01-05T11:45:00,511.477,231.209,160.994,70.214,0,8,99.151,22.25,60.1136,13.9877,95.994,27.406,0,0,0,280.268
2026-01-05T12:00:00,514.758,203.675,119.888,83.787,0,8,99.151,22.25,60.0693,13.881,101.509,26.882,0,0,0,311.082
2026-01-05T12:15:00,533.017,182.918,131.449,51.469,0,8,99.151,22.25,60.0229,13.8046,102.848,26.137,0,0,0,350.099
2026-01-05T12:30:00,502.496,240.711,146.691,94.021,0,8,99.151,22.25,60.0931,14.0142,92.236,26.061,0,0,0,261.784
2026-01-05T12:45:00,534.669,241.879,170.588,71.29,0,8,99.151,22.25,60.0726,14.0153,95.318,27.687,0,0,0,292.791
2026-01-05T13:00:00,533.59,248.851,151.789,97.063,0,8,99.151,22.25,60.116,14.0452,90.526,27.1,0,0,0,284.738
2026-01-05T13:15:00,552.03,226.203,159.499,66.704,0,8,99.151,22.25,60.0761,13.9232,105.705,27.349,0,0,0,325.827
2026-01-05T13:30:00,555.153,154.217,102.493,51.723,0,8,99.151,22.25,59.9976,13.8172,113.049,25.41,0,0,0,400.936
2026-01-05T13:45:00,569.192,217.29,161.204,56.087,0,8,99.151,22.25,60.0458,13.8464,99.607,25.841,0,0,0,351.901
2026-01-05T14:00:00,538.051,213.195,124.002,89.193,0,8,99.151,22.25,60.0574,13.9269,98.039,26.572,0,0,0,324.855
2026-01-05T14:15:00,556.308,133.118,94.723,38.395,0,8,99.151,22.25,59.9765,13.7568,121.914,27.711,0,0,0,423.19
2026-01-05T14:30:00,540.716,142.333,86.234,56.099,0,8,99.151,22.25,60.0262,13.7556,107.74,25.752,0,0,0,398.384
2026-01-05T14:45:00,538.53,155.371,101.95,53.421,0,8,99.151,22.25,60.0187,13.7825,111.894,28.964,0,0,0,383.158
2026-01-05T15:00:00,557.97,91.385,69.201,22.184,0,8,99.151,22.25,59.9473,13.7887,129.022,27.934,0,0,0,466.585
2026-01-05T15:15:00,577.398,131.649,89.906,41.743,0,8,99.151,22.25,59.9627,13.735,123.523,25.599,0,0,0,445.748
2026-01-05T15:30:00,567.115,96.162,55.966,40.196,0,8,99.151,22.25,59.9513,13.6562,124.998,26.314,0,0,0,470.953
2026-01-05T15:45:00,575.74,143.422,56.902,86.52,0,8,99.151,22.25,59.9568,13.7932,120.785,25.766,0,0,0,432.319
2026-01-05T16:00:00,581.946,131.402,56.95,74.452,0,8,99.151,22.25,59.9568,13.6752,126.696,25.725,0,0,0,450.545
2026-01-05T16:15:00,600.499,106.577,36.85,69.727,0,8,99.151,22.25,59.9173,13.6335,125.034,26.469,0,0,0,493.922
2026-01-05T16:30:00,609.126,98.687,39.656,59.031,0,8,99.151,22.25,59.9074,13.6524,132.542,27.158,0,0,0,510.439
2026-01-05T16:45:00,574.798,121.987,23.925,98.062,0,8,99.151,22.25,59.9865,13.6929,122.217,25.559,0,0,0,452.811
2026-01-05T17:00:00,605.935,85.085,19.239,65.846,0,8,99.151,22.25,59.8797,13.587,171.518,27.28,1,0,0,520.85
2026-01-05T17:15:00,623.762,73.988,7.179,66.809,0,8,99.151,22.25,59.8758,13.5341,184.41,30.117,1,0,0,549.774
2026-01-05T17:30:00,609.786,54.831,3.828,51.003,0,8,99.151,22.25,59.8875,13.4799,180.654,27.483,1,0,0,554.955
2026-01-05T17:45:00,642.275,62.553,1.298,61.255,0,8,99.151,22.25,59.846,13.5763,187.08,26.385,1,0,0,579.723
2026-01-05T18:00:00,643.646,73.879,0.0,73.879,0,8,99.151,22.25,59.8648,13.4911,188.432,26.396,1,0,0,569.767
2026-01-05T18:15:00,652.044,62.815,0.0,62.815,0,8,99.151,22.25,59.8159,13.5308,188.363,26.706,1,0,0,589.229
2026-01-05T18:30:00,634.932,75.076,0.0,75.076,0,8,99.151,22.25,59.8461,13.663,177.492,26.287,1,0,0,559.856
2026-01-05T18:45:00,657.464,74.307,0.0,74.307,0,8,99.151,22.25,59.8813,13.5732,179.546,25.189,1,0,0,583.158
2026-01-05T19:00:00,601.867,107.741,0.0,107.741,0,8,99.151,22.25,59.908,13.659,163.362,24.796,1,0,0,494.126
2026-01-05T19:15:00,623.526,66.316,0.0,66.316,0,8,99.151,22.25,59.8981,13.627,176.586,26.566,1,0,0,557.211
2026-01-05T19:30:00,596.606,54.616,0.0,54.616,0,8,99.151,22.25,59.8641,13.551,179.987,27.331,1,0,0,541.99
2026-01-05T19:45:00,624.623,56.126,0.0,56.126,0,8,99.151,22.25,59.8609,13.6054,183.132,26.551,1,0,0,568.497
2026-01-05T20:00:00,594.346,60.951,0.0,60.951,0,8,99.151,22.25,59.9091,13.7097,169.228,28.037,1,0,0,533.395
2026-01-05T20:15:00,633.497,92.568,0.0,92.568,0,8,99.151,22.25,59.7188,14.2653,172.852,28.348,1,1,1,540.93
2026-01-05T20:30:00,544.989,92.237,0.0,92.237,0,8,99.151,22.25,59.9306,13.7844,161.02,28.656,1,0,0,452.753
2026-01-05T20:45:00,558.846,99.238,0.0,99.238,0,8,99.151,22.25,59.951,13.7583,163.298,27.512,1,0,0,459.609
2026-01-05T21:00:00,568.475,132.129,0.0,132.129,0,8,99.151,22.25,60.0041,13.743,158.637,28.159,1,0,0,436.346
2026-01-05T21:15:00,527.588,59.868,0.0,59.868,0,8,99.151,22.25,59.9401,13.6837,122.518,26.542,0,0,0,467.72
2026-01-05T21:30:00,499.818,100.84,0.0,100.84,0,8,99.151,22.25,60.0135,13.7871,110.523,28.081,0,0,0,398.978
2026-01-05T21:45:00,535.408,126.77,0.0,126.77,0,8,99.151,22.25,60.007,13.8567,110.411,26.269,0,0,0,408.638
2026-01-05T22:00:00,494.282,80.834,0.0,80.834,0,8,99.151,22.25,59.9818,13.7613,114.01,27.614,0,0,0,413.449
2026-01-05T22:15:00,499.547,86.607,0.0,86.607,0,8,99.151,22.25,59.9958,13.8082,117.225,26.656,0,0,0,412.941
2026-01-05T22:30:00,483.514,121.027,0.0,121.027,0,8,99.151,22.25,60.0163,13.9016,99.748,27.744,0,0,0,362.488
2026-01-05T22:45:00,471.204,114.482,0.0,114.482,0,8,99.151,22.25,60.0345,13.8474,101.222,24.776,0,0,0,356.722
2026-01-05T23:00:00,478.588,114.379,0.0,114.379,0,8,99.151,22.25,60.0311,13.835,111.526,27.182,0,0,0,364.209
2026-01-05T23:15:00,481.808,136.156,0.0,136.156,0,8,99.151,22.25,60.0395,13.8645,104.271,27.899,0,0,0,345.652
2026-01-05T23:30:00,487.446,119.186,0.0,119.186,0,8,99.151,22.25,60.0131,13.8386,97.545,27.446,0,0,0,368.259
2026-01-05T23:45:00,484.641,109.853,0.0,109.853,0,8,99.151,22.25,60.0013,13.8164,105.597,25.853,0,0,0,374.788
2026-01-06T00:00:00,445.953,134.643,0.0,134.643,0,8,99.151,22.25,59.9144,14.5912,94.47,27.375,0,0,1,311.309
2026-01-06T00:15:00,445.522,143.162,0.0,143.162,0,8,99.151,22.25,60.0862,13.8664,96.541,26.072,0,0,0,302.359
2026-01-06T00:30:00,454.734,96.43,0.0,96.43,0,8,99.151,22.25,60.0298,13.7993,103.695,27.321,0,0,0,358.304
2026-01-06T00:45:00,449.072,129.92,0.0,129.92,0,8,99.151,22.25,60.0638,13.8876,101.15,25.558,0,0,0,319.153
2026-01-06T01:00:00,434.614,120.022,0.0,120.022,0,8,99.151,22.25,60.0536,13.9418,99.891,27.403,0,0,0,314.592
2026-01-06T01:15:00,432.276,125.171,0.0,125.171,0,8,99.151,22.25,60.0771,13.9621,107.89,27.408,0,0,0,307.104
2026-01-06T01:30:00,532.729,125.708,0.0,125.708,0,8,99.151,22.25,59.8148,14.4597,116.31,25.74,0,1,1,407.021
2026-01-06T01:45:00,468.811,142.187,0.0,142.187,0,8,99.151,22.25,60.0783,13.997,96.886,27.861,0,0,0,326.624
2026-01-06T02:00:00,443.44,128.932,0.0,128.932,0,8,99.151,22.25,60.0737,14.0735,90.472,28.978,0,0,0,314.508
2026-01-06T02:15:00,444.722,118.461,0.0,118.461,0,8,99.151,22.25,60.0724,13.9003,92.905,28.799,0,0,0,326.26
2026-01-06T02:30:00,444.997,102.446,0.0,102.446,0,8,99.151,22.25,60.0741,13.9076,102.517,27.991,0,0,0,342.551
2026-01-06T02:45:00,594.071,149.184,0.0,149.184,0,8,99.151,22.25,60.1251,12.9711,119.712,27.5,0,1,1,444.888
2026-01-06T03:00:00,442.261,134.26,0.0,134.26,0,8,99.151,22.25,60.1034,13.9368,90.646,25.275,0,0,0,308.001
2026-01-06T03:15:00,432.913,103.406,0.0,103.406,0,8,99.151,22.25,60.0672,13.8323,102.54,30.093,0,0,0,329.507
2026-01-06T03:30:00,440.04,132.611,0.0,132.611,0,8,99.151,22.25,60.0595,13.9433,103.008,28.763,0,0,0,307.43
2026-01-06T03:45:00,448.328,115.045,0.0,115.045,0,8,99.151,22.25,60.0762,13.813,101.637,26.123,0,0,0,333.283
2026-01-06T04:00:00,462.603,131.642,0.0,131.642,0,8,99.151,22.25,60.0473,13.8701,101.471,27.031,0,0,0,330.962
2026-01-06T04:15:00,488.498,130.717,0.0,130.717,0,8,99.151,22.25,60.0186,13.8525,105.339,25.415,0,0,0,357.781
2026-01-06T04:30:00,440.503,125.65,0.0,125.65,0,8,99.151,22.25,60.0658,13.9253,97.448,26.588,0,0,0,314.853
2026-01-06T04:45:00,487.292,153.894,0.0,153.894,0,8,99.151,22.25,60.0702,13.8434,106.246,27.832,0,0,0,333.398
2026-01-06T05:00:00,466.162,108.512,0.0,108.512,0,8,99.151,22.25,60.0414,13.9141,114.707,28.093,0,0,0,357.65
2026-01-06T05:15:00,500.595,139.238,0.0,139.238,0,8,99.151,22.25,60.0136,13.9097,110.884,26.568,0,0,0,361.357
2026-01-06T05:30:00,481.074,126.294,0.0,126.294,0,8,99.151,22.25,60.0621,13.9093,115.423,26.046,0,0,0,354.78
2026-01-06T05:45:00,495.453,141.764,0.0,141.764,0,8,99.151,22.25,60.032,13.8803,108.538,28.65,0,0,0,353.689
2026-01-06T06:00:00,484.131,134.71,0.0,134.71,0,8,99.151,22.25,60.0297,13.8995,106.155,27.601,0,0,0,349.421
2026-01-06T06:15:00,519.865,116.932,1.408,115.523,0,8,99.151,22.25,59.9763,13.8508,118.067,26.948,0,0,0,402.933
2026-01-06T06:30:00,506.584,91.102,4.259,86.843,0,8,99.151,22.25,59.9857,13.8917,117.686,24.501,0,0,0,415.482
2026-01-06T06:45:00,496.484,142.075,10.676,131.398,0,8,99.151,22.25,60.0339,13.9044,93.194,26.615,0,0,0,354.409
2026-01-06T07:00:00,525.832,124.856,18.155,106.701,0,8,99.151,22.25,59.9606,13.763,113.351,28.379,0,0,0,400.975
2026-01-06T07:15:00,544.415,134.14,21.813,112.327,0,8,99.151,22.25,59.9942,13.7663,113.316,26.605,0,0,0,410.276
2026-01-06T07:30:00,557.699,126.914,37.202,89.712,0,8,99.151,22.25,59.9651,13.6991,123.023,28.82,0,0,0,430.785
2026-01-06T07:45:00,528.047,136.516,42.466,94.049,0,8,99.151,22.25,60.0094,13.7714,113.671,27.177,0,0,0,391.532
2026-01-06T08:00:00,514.406,163.611,42.144,121.467,0,8,99.151,22.25,60.0729,13.8794,102.028,25.776,0,0,0,350.795
2026-01-06T08:15:00,542.568,152.212,47.729,104.483,0,8,99.151,22.25,60.0359,13.8372,109.439,26.988,0,0,0,390.356
2026-01-06T08:30:00,524.572,164.413,58.702,105.711,0,8,99.151,22.25,60.0389,13.8736,105.838,28.067,0,0,0,360.158
2026-01-06T08:45:00,559.869,180.765,80.255,100.51,0,8,99.151,22.25,60.033,13.8745,110.554,26.425,0,0,0,379.104
2026-01-06T09:00:00,537.116,183.847,102.647,81.201,0,8,99.151,22.25,60.0424,13.8309,105.625,27.424,0,0,0,353.269
2026-01-06T09:15:00,561.392,196.965,91.388,105.577,0,8,99.151,22.25,60.0454,13.8592,105.288,28.333,0,0,0,364.426
2026-01-06T09:30:00,502.419,133.964,87.222,46.743,0,8,99.151,22.25,60.0322,13.8887,115.416,27.565,0,0,0,368.454
2026-01-06T09:45:00,540.517,227.099,149.921,77.177,0,8,99.151,22.25,60.0749,13.9231,105.637,26.015,0,0,0,313.419
2026-01-06T10:00:00,546.272,202.67,105.912,96.759,0,8,99.151,22.25,60.0342,13.8795,101.224,26.824,0,0,0,343.601
2026-01-06T10:15:00,528.923,166.908,97.434,69.475,0,8,99.151,22.25,60.0429,13.8644,102.044,26.191,0,0,0,362.015
2026-01-06T10:30:00,532.844,206.353,155.038,51.315,0,8,99.151,22.25,60.0578,13.9975,104.731,27.057,0,0,0,326.491
2026-01-06T10:45:00,527.259,234.332,161.21,73.121,0,8,99.151,22.25,60.0992,13.9576,95.189,28.069,0,0,0,292.927
2026-01-06T11:00:00,536.581,209.2,153.493,55.707,0,8,99.151,22.25,60.0752,13.9135,92.109,27.656,0,0,0,327.381
2026-01-06T11:15:00,514.037,232.763,143.46,89.303,0,8,99.151,22.25,60.1052,14.1021,89.281,28.236,0,0,0,281.274
2026-01-06T11:30:00,529.721,240.885,196.748,44.136,0,8,99.151,22.25,60.0808,13.9544,94.378,26.753,0,0,0,288.836
2026-01-06T11:45:00,539.539,201.718,151.067,50.651,0,8,99.151,22.25,60.0437,13.8703,108.148,26.629,0,0,0,337.822
2026-01-06T12:00:00,545.319,256.654,146.617,110.036,0,8,99.151,22.25,60.1091,14.01,91.332,26.804,0,0,0,288.665
2026-01-06T12:15:00,530.413,216.264,164.399,51.864,0,8,99.151,22.25,60.0829,13.925,107.261,29.727,0,0,0,314.149
2026-01-06T12:30:00,534.541,256.909,202.168,54.741,0,8,99.151,22.25,60.1251,13.9338,94.547,27.651,0,0,0,277.631
2026-01-06T12:45:00,535.813,200.182,152.258,47.924,0,8,99.151,22.25,60.0679,13.8819,110.167,26.058,0,0,0,335.63
2026-01-06T13:00:00,533.484,232.182,163.412,68.77,0,8,99.151,22.25,60.0855,13.9805,95.687,28.415,0,0,0,301.302
2026-01-06T13:15:00,512.13,231.869,148.541,83.327,0,8,99.151,22.25,60.0771,14.0422,87.453,25.939,0,0,0,280.262
2026-01-06T13:30:00,536.992,232.814,164.106,68.708,0,8,99.151,22.25,60.0561,13.9822,99.911,27.082,0,0,0,304.179
2026-01-06T13:45:00,533.511,223.919,173.398,50.521,0,8,99.151,22.25,60.0678,13.98,100.842,26.054,0,0,0,309.592
2026-01-06T14:00:00,532.903,179.11,118.593,60.517,0,8,99.151,22.25,60.0381,13.809,103.565,28.396,0,0,0,353.793
2026-01-06T14:15:00,560.857,147.526,115.58,31.946,0,8,99.151,22.25,60.0104,13.7786,116.947,26.713,0,0,0,413.331
2026-01-06T14:30:00,543.642,149.005,118.133,30.872,0,8,99.151,22.25,59.9923,13.831,116.195,27.278,0,0,0,394.637
2026-01-06T14:45:00,534.553,135.411,74.295,61.117,0,8,99.151,22.25,60.0102,13.758,111.642,26.935,0,0,0,399.142
2026-01-06T15:00:00,577.769,179.244,100.573,78.672,0,8,99.151,22.25,59.9905,13.8108,116.461,27.854,0,0,0,398.525
2026-01-06T15:15:00,560.678,111.549,68.537,43.012,0,8,99.151,22.25,59.9665,13.6577,119.72,24.761,0,0,0,449.129
2026-01-06T15:30:00,583.332,141.636,70.965,70.671,0,8,99.151,22.25,59.9207,13.7294,116.223,28.296,0,0,0,441.696
2026-01-06T15:45:00,557.547,142.208,62.199,80.009,0,8,99.151,22.25,59.9946,13.7563,115.533,26.471,0,0,0,415.339
2026-01-06T16:00:00,573.204,114.088,48.529,65.559,0,8,99.151,22.25,59.958,13.7336,123.239,26.607,0,0,0,459.117
2026-01-06T16:15:00,592.713,121.756,41.692,80.063,0,8,99.151,22.25,59.9415,13.7534,135.048,27.082,0,0,0,470.957
2026-01-06T16:30:00,595.276,90.174,27.081,63.093,0,8,99.151,22.25,59.8792,13.6126,127.6,26.552,0,0,0,505.101
2026-01-06T16:45:00,622.06,111.567,28.493,83.074,0,8,99.151,22.25,59.8939,13.7308,130.086,25.18,0,0,0,510.493
2026-01-06T17:00:00,606.295,84.478,17.409,67.069,0,8,99.151,22.25,59.8991,13.5899,169.995,25.62,1,0,0,521.817
2026-01-06T17:15:00,588.399,48.957,8.935,40.022,0,8,99.151,22.25,59.8988,13.6104,172.453,27.789,1,0,0,539.442
2026-01-06T17:30:00,623.61,78.243,4.438,73.804,0,8,99.151,22.25,59.8682,13.5236,171.358,26.773,1,0,0,545.367
2026-01-06T17:45:00,626.654,38.561,1.563,36.998,0,8,99.151,22.25,59.8549,13.5147,180.351,24.624,1,0,0,588.093
2026-01-06T18:00:00,623.721,88.862,0.0,88.862,0,8,99.151,22.25,59.8601,13.5899,177.803,28.03,1,0,0,534.859
2026-01-06T18:15:00,641.498,93.071,0.0,93.071,0,8,99.151,22.25,59.8675,13.5614,177.598,27.002,1,0,0,548.428
2026-01-06T18:30:00,649.134,0.0,0.0,0,0,8,99.151,22.25,59.8003,13.4284,189.551,26.419,1,0,0,649.134
2026-01-06T18:45:00,631.402,55.389,0.0,55.389,0,8,99.151,22.25,59.8347,13.5966,187.765,27.064,1,0,0,576.012
2026-01-06T19:00:00,633.096,76.261,0.0,76.261,0,8,99.151,22.25,59.8743,13.5028,174.061,24.836,1,0,0,556.835
2026-01-06T19:15:00,593.531,45.827,0.0,45.827,0,8,99.151,22.25,59.8729,13.4931,177.463,25.889,1,0,0,547.704
2026-01-06T19:30:00,607.209,61.024,0.0,61.024,0,8,99.151,22.25,59.8886,13.5535,173.486,25.188,1,0,0,546.185
2026-01-06T19:45:00,599.721,85.37,0.0,85.37,0,8,99.151,22.25,59.8842,13.6672,173.438,25.803,1,0,0,514.351
2026-01-06T20:00:00,590.843,51.421,0.0,51.421,0,8,99.151,22.25,59.883,13.6401,171.076,27.664,1,0,0,539.422
2026-01-06T20:15:00,582.865,101.565,0.0,101.565,0,8,99.151,22.25,59.9271,13.6815,166.171,24.604,1,0,0,481.3
2026-01-06T20:30:00,558.557,87.297,0.0,87.297,0,8,99.151,22.25,59.9621,13.7646,155.989,26.719,1,0,0,471.26
2026-01-06T20:45:00,579.968,78.235,0.0,78.235,0,8,99.151,22.25,59.9119,13.6468,162.191,27.439,1,0,0,501.733
2026-01-06T21:00:00,538.285,67.21,0.0,67.21,0,8,99.151,22.25,59.9312,13.6606,167.442,27.381,1,0,0,471.076
2026-01-06T21:15:00,522.845,133.386,0.0,133.386,0,8,99.151,22.25,60.0006,13.824,111.518,27.951,0,0,0,389.459
2026-01-06T21:30:00,524.888,100.167,0.0,100.167,0,8,99.151,22.25,59.9748,13.7855,119.451,27.984,0,0,0,424.721
2026-01-06T21:45:00,513.044,113.685,0.0,113.685,0,8,99.151,22.25,60.0144,13.838,111.593,28.011,0,0,0,399.358
2026-01-06T22:00:00,510.674,105.425,0.0,105.425,0,8,99.151,22.25,60.0099,13.7323,110.532,26.163,0,0,0,405.25
2026-01-06T22:15:00,486.961,137.655,0.0,137.655,0,8,99.151,22.25,60.0438,13.8257,94.324,26.38,0,0,0,349.306
2026-01-06T22:30:00,504.652,64.317,0.0,64.317,0,8,99.151,22.25,59.953,13.7465,118.741,25.413,0,0,0,440.335
2026-01-06T22:45:00,498.49,86.696,0.0,86.696,0,8,99.151,22.25,59.999,13.692,114.281,25.454,0,0,0,411.794
2026-01-06T23:00:00,496.315,114.293,0.0,114.293,0,8,99.151,22.25,60.0078,13.8126,114.027,28.652,0,0,0,382.022
2026-01-06T23:15:00,485.226,79.466,0.0,79.466,0,8,99.151,22.25,59.98,13.8185,116.337,25.691,0,0,0,405.761
2026-01-06T23:30:00,427.915,97.891,0.0,97.891,0,8,99.151,22.25,60.0636,13.858,103.495,25.646,0,0,0,330.024
2026-01-06T23:45:00,454.244,111.683,0.0,111.683,0,8,99.151,22.25,60.0248,13.8912,108.402,26.395,0,0,0,342.561
2026-01-07T00:00:00,428.805,104.849,0.0,104.849,0,8,99.151,22.25,60.0768,13.8429,102.051,27.224,0,0,0,323.956
2026-01-07T00:15:00,432.191,120.119,0.0,120.119,0,8,99.151,22.25,60.0745,13.9312,104.738,25.453,0,0,0,312.072
2026-01-07T00:30:00,466.396,140.407,0.0,140.407,0,8,99.151,22.25,60.0534,13.9645,102.704,28.568,0,0,0,325.988
2026-01-07T00:45:00,441.063,167.067,0.0,167.067,0,8,99.151,22.25,60.1598,13.9957,90.354,27.395,0,0,0,273.996
2026-01-07T01:00:00,462.601,135.17,0.0,135.17,0,8,99.151,22.25,60.069,13.8705,106.829,27.562,0,0,0,327.431
2026-01-07T01:15:00,460.622,113.341,0.0,113.341,0,8,99.151,22.25,60.0282,13.9173,102.879,27.983,0,0,0,347.281
2026-01-07T01:30:00,442.327,127.291,0.0,127.291,0,8,99.151,22.25,60.099,13.9264,99.947,26.462,0,0,0,315.036
2026-01-07T01:45:00,454.971,127.64,0.0,127.64,0,8,99.151,22.25,60.084,13.9417,89.7,28.295,0,0,0,327.331
2026-01-07T02:00:00,425.326,136.396,0.0,136.396,0,8,99.151,22.25,60.0758,13.9508,96.045,28.187,0,0,0,288.93
2026-01-07T02:15:00,461.311,152.365,0.0,152.365,0,8,99.151,22.25,60.0582,13.9666,98.003,28.294,0,0,0,308.946
2026-01-07T02:30:00,473.802,124.158,0.0,124.158,0,8,99.151,22.25,60.0611,13.9324,98.851,27.195,0,0,0,349.644
2026-01-07T02:45:00,481.673,124.364,0.0,124.364,0,8,99.151,22.25,60.0071,13.8768,107.641,26.698,0,0,0,357.309
2026-01-07T03:00:00,475.074,141.355,0.0,141.355,0,8,99.151,22.25,60.0599,13.8496,105.539,27.329,0,0,0,333.719
2026-01-07T03:15:00,430.903,134.174,0.0,134.174,0,8,99.151,22.25,60.1275,13.9773,96.397,26.132,0,0,0,296.729
2026-01-07T03:30:00,455.231,102.202,0.0,102.202,0,8,99.151,22.25,60.0726,13.8655,106.179,27.313,0,0,0,353.03
2026-01-07T03:45:00,458.861,135.387,0.0,135.387,0,8,99.151,22.25,60.0582,14.002,99.854,27.578,0,0,0,323.474
2026-01-07T04:00:00,470.625,134.764,0.0,134.764,0,8,99.151,22.25,60.0525,13.9659,95.594,27.657,0,0,0,335.861
2026-01-07T04:15:00,475.979,88.184,0.0,88.184,0,8,99.151,22.25,60.0223,13.8617,117.515,29.027,0,0,0,387.795
2026-01-07T04:30:00,471.565,110.636,0.0,110.636,0,8,99.151,22.25,60.0187,13.912,108.553,28.737,0,0,0,360.929
2026-01-07T04:45:00,481.724,132.355,0.0,132.355,0,8,99.151,22.25,60.0258,13.867,104.725,25.162,0,0,0,349.369
2026-01-07T05:00:00,470.737,124.958,0.0,124.958,0,8,99.151,22.25,60.0261,13.7778,108.158,26.47,0,0,0,345.779
2026-01-07T05:15:00,519.899,133.326,0.0,133.326,0,8,99.151,22.25,60.0216,13.7886,103.445,28.023,0,0,0,386.573
2026-01-07T05:30:00,510.677,137.44,0.0,137.44,0,8,99.151,22.25,60.0127,13.8245,109.146,25.209,0,0,0,373.238
2026-01-07T05:45:00,494.836,107.346,0.0,107.346,0,8,99.151,22.25,60.0175,13.8309,112.053,26.851,0,0,0,387.49
2026-01-07T06:00:00,508.292,133.479,0.0,133.479,0,8,99.151,22.25,60.0025,13.7666,117.38,28.419,0,0,0,374.812
2026-01-07T06:15:00,497.066,93.701,1.904,91.797,0,8,99.151,22.25,60.0159,13.7607,118.611,28.171,0,0,0,403.365
2026-01-07T06:30:00,540.438,100.171,5.009,95.162,0,8,99.151,22.25,59.9786,13.7227,126.504,26.387,0,0,0,440.267
2026-01-07T06:45:00,550.721,100.574,8.129,92.445,0,8,99.151,22.25,59.9454,13.752,129.221,27.855,0,0,0,450.147
2026-01-07T07:00:00,547.18,121.957,16.275,105.682,0,8,99.151,22.25,59.9877,13.8093,123.488,26.345,0,0,0,425.223
2026-01-07T07:15:00,542.705,123.279,29.3,93.979,0,8,99.151,22.25,60.0045,13.7968,117.094,26.498,0,0,0,419.426
2026-01-07T07:30:00,514.667,154.369,34.385,119.984,0,8,99.151,22.25,60.0309,13.929,112.248,26.335,0,0,0,360.298
2026-01-07T07:45:00,533.994,133.136,40.445,92.691,0,8,99.151,22.25,60.0054,13.7213,107.057,27.829,0,0,0,400.858
2026-01-07T08:00:00,594.135,151.92,49.571,102.349,0,8,99.151,22.25,59.9469,13.7894,113.068,25.945,0,0,0,442.215
2026-01-07T08:15:00,529.237,122.834,61.125,61.708,0,8,99.151,22.25,59.9648,13.8097,116.742,26.89,0,0,0,406.404
2026-01-07T08:30:00,559.401,159.212,57.439,101.773,0,8,99.151,22.25,59.9883,13.7687,111.193,24.791,0,0,0,400.189
2026-01-07T08:45:00,539.699,136.079,65.884,70.195,0,8,99.151,22.25,59.9904,13.7957,113.638,25.552,0,0,0,403.621
2026-01-07T09:00:00,549.121,202.739,87.634,115.105,0,8,99.151,22.25,60.0753,13.9078,105.447,26.992,0,0,0,346.382
2026-01-07T09:15:00,575.698,211.973,97.793,114.18,0,8,99.151,22.25,60.0449,13.9021,103.914,24.985,0,0,0,363.725
2026-01-07T09:30:00,560.572,197.807,107.968,89.839,0,8,99.151,22.25,60.0288,13.8332,108.364,26.834,0,0,0,362.765
2026-01-07T09:45:00,562.357,206.165,115.896,90.269,0,8,99.151,22.25,60.0408,13.8463,108.671,28.292,0,0,0,356.192
2026-01-07T10:00:00,550.002,191.216,121.985,69.232,0,8,99.151,22.25,60.0281,13.8259,110.862,24.108,0,0,0,358.785
2026-01-07T10:15:00,536.184,233.712,158.277,75.434,0,8,99.151,22.25,60.0782,13.9659,96.924,25.531,0,0,0,302.473
2026-01-07T10:30:00,520.221,231.103,137.188,93.915,0,8,99.151,22.25,60.1225,14.0176,95.071,26.857,0,0,0,289.117
2026-01-07T10:45:00,539.929,178.402,105.821,72.581,0,8,99.151,22.25,60.0109,13.7811,107.816,27.429,0,0,0,361.526
2026-01-07T11:00:00,547.534,169.052,127.257,41.796,0,8,99.151,22.25,59.9822,13.888,107.02,25.97,0,0,0,378.481
2026-01-07T11:15:00,546.467,273.592,198.642,74.95,0,8,99.151,22.25,60.1071,13.9942,86.245,25.623,0,0,0,272.875
2026-01-07T11:30:00,550.552,234.16,147.529,86.631,0,8,99.151,22.25,60.077,14.0012,99.299,25.633,0,0,0,316.392
2026-01-07T11:45:00,534.088,260.808,179.6,81.208,0,8,99.151,22.25,60.1197,14.05,95.639,26.755,0,0,0,273.28
2026-01-07T12:00:00,528.053,200.698,147.091,53.607,0,8,99.151,22.25,60.0902,13.9288,103.214,25.256,0,0,0,327.355
2026-01-07T12:15:00,549.405,222.298,126.008,96.29,0,8,99.151,22.25,60.0486,13.8874,105.934,25.923,0,0,0,327.107
2026-01-07T12:30:00,531.611,191.724,144.198,47.527,0,8,99.151,22.25,60.063,13.8583,108.521,28.04,0,0,0,339.887
2026-01-07T12:45:00,521.309,191.245,125.005,66.24,0,8,99.151,22.25,60.052,13.9208,105.374,26.469,0,0,0,330.064
2026-01-07T13:00:00,511.888,140.855,120.223,20.632,0,8,99.151,22.25,60.0476,13.9099,108.288,26.639,0,0,0,371.034
2026-01-07T13:15:00,550.608,233.128,157.268,75.86,0,8,99.151,22.25,60.0617,13.9061,100.549,25.48,0,0,0,317.48
2026-01-07T13:30:00,550.545,193.383,141.364,52.019,0,8,99.151,22.25,60.044,13.8332,111.64,26.96,0,0,0,357.161
2026-01-07T13:45:00,548.537,184.414,141.499,42.915,0,8,99.151,22.25,59.8844,13.1511,111.707,26.074,0,0,1,364.123
2026-01-07T14:00:00,579.276,177.391,121.947,55.444,0,8,99.151,22.25,59.9957,13.7779,108.601,28.235,0,0,0,401.885
2026-01-07T14:15:00,580.753,185.846,112.473,73.373,0,8,99.151,22.25,60.0089,13.9739,113.836,28.015,0,0,0,394.906
2026-01-07T14:30:00,557.77,160.22,114.29,45.93,0,8,99.151,22.25,59.9925,13.8092,104.087,25.489,0,0,0,397.55
2026-01-07T14:45:00,580.73,205.338,112.08,93.258,0,8,99.151,22.25,60.0002,13.8825,115.19,27.013,0,0,0,375.392
2026-01-07T15:00:00,566.174,184.208,96.189,88.019,0,8,99.151,22.25,60.0053,13.7696,108.327,26.659,0,0,0,381.966
2026-01-07T15:15:00,598.042,119.983,73.839,46.144,0,8,99.151,22.25,59.9286,13.6857,131.777,27.344,0,0,0,478.059
2026-01-07T15:30:00,572.736,112.359,81.116,31.242,0,8,99.151,22.25,59.9234,13.6934,127.198,27.759,0,0,0,460.377
2026-01-07T15:45:00,595.683,84.939,68.729,16.209,0,8,99.151,22.25,59.9229,13.602,134.174,26.035,0,0,0,510.744
2026-01-07T16:00:00,617.624,113.843,50.134,63.709,0,8,99.151,22.25,59.8788,13.6276,134.842,25.912,0,0,0,503.781
2026-01-07T16:15:00,596.386,108.833,45.227,63.606,0,8,99.151,22.25,59.9397,13.7552,137.969,26.687,0,0,0,487.553
2026-01-07T16:30:00,611.126,90.685,23.984,66.701,0,8,99.151,22.25,59.9038,13.6399,136.674,27.461,0,0,0,520.441
2026-01-07T16:45:00,629.708,84.583,26.14,58.442,0,8,99.151,22.25,59.8508,13.6177,144.245,26.481,0,0,0,545.126
2026-01-07T17:00:00,634.665,84.274,19.534,64.739,0,8,99.151,22.25,59.849,13.5432,173.479,26.878,1,0,0,550.391
2026-01-07T17:15:00,615.942,75.04,10.399,64.641,0,8,99.151,22.25,59.8926,13.5657,170.364,27.371,1,0,0,540.902
2026-01-07T17:30:00,646.85,88.655,6.132,82.523,0,8,99.151,22.25,59.8896,13.5457,180.426,27.722,1,0,0,558.195
2026-01-07T17:45:00,638.468,63.91,1.768,62.141,0,8,99.151,22.25,59.8564,13.5572,187.298,25.897,1,0,0,574.559
2026-01-07T18:00:00,635.247,56.81,0.0,56.81,0,8,99.151,22.25,59.8584,13.5288,180.543,25.431,1,0,0,578.436
2026-01-07T18:15:00,670.811,64.471,0.0,64.471,0,8,99.151,22.25,59.8637,13.4572,193.352,26.21,1,0,0,606.341
2026-01-07T18:30:00,669.964,65.397,0.0,65.397,0,8,99.151,22.25,59.8557,13.4788,184.419,29.245,1,0,0,604.567
2026-01-07T18:45:00,633.077,40.92,0.0,40.92,0,8,99.151,22.25,59.8316,13.5135,183.556,27.456,1,0,0,592.157
2026-01-07T19:00:00,645.529,77.003,0.0,77.003,0,8,99.151,22.25,59.8475,13.5286,178.113,27.764,1,0,0,568.526
2026-01-07T19:15:00,642.089,42.593,0.0,42.593,0,8,99.151,22.25,59.8778,13.4684,189.428,25.659,1,0,0,599.496
2026-01-07T19:30:00,607.493,79.851,0.0,79.851,0,8,99.151,22.25,59.8875,13.5621,170.964,26.041,1,0,0,527.642
2026-01-07T19:45:00,635.107,81.836,0.0,81.836,0,8,99.151,22.25,59.8923,13.5221,175.003,26.713,1,0,0,553.271
2026-01-07T20:00:00,601.725,86.911,0.0,86.911,0,8,99.151,22.25,59.9148,13.5756,170.112,25.873,1,0,0,514.814
2026-01-07T20:15:00,584.523,141.369,0.0,141.369,0,8,99.151,22.25,59.9618,13.7389,162.649,26.4,1,0,0,443.154
2026-01-07T20:30:00,587.829,99.569,0.0,99.569,0,8,99.151,22.25,59.9323,13.6353,168.181,26.626,1,0,0,488.26
2026-01-07T20:45:00,584.167,74.43,0.0,74.43,0,8,99.151,22.25,59.9094,13.6102,169.571,26.217,1,0,0,509.737
2026-01-07T21:00:00,552.689,70.012,0.0,70.012,0,8,99.151,22.25,59.9513,13.6402,164.292,27.672,1,0,0,482.678
2026-01-07T21:15:00,558.112,71.142,0.0,71.142,0,8,99.151,22.25,59.9133,13.6831,126.698,27.961,0,0,0,486.971
2026-01-07T21:30:00,575.277,90.751,0.0,90.751,0,8,99.151,22.25,59.9193,13.6608,132.297,27.094,0,0,0,484.526
2026-01-07T21:45:00,531.21,81.396,0.0,81.396,0,8,99.151,22.25,59.9719,13.7365,116.434,24.93,0,0,0,449.814
2026-01-07T22:00:00,536.834,107.411,0.0,107.411,0,8,99.151,22.25,59.9681,13.7911,117.328,26.613,0,0,0,429.422
2026-01-07T22:15:00,523.324,88.43,0.0,88.43,0,8,99.151,22.25,59.9764,13.7668,116.644,26.78,0,0,0,434.895
2026-01-07T22:30:00,515.062,85.502,0.0,85.502,0,8,99.151,22.25,59.9906,13.6858,120.269,28.275,0,0,0,429.56
2026-01-07T22:45:00,490.999,62.058,0.0,62.058,0,8,99.151,22.25,59.9406,13.8063,117.081,25.107,0,0,0,428.941
2026-01-07T23:00:00,501.986,112.75,0.0,112.75,0,8,99.151,22.25,60.031,13.8119,114.837,27.911,0,0,0,389.236
2026-01-07T23:15:00,501.456,127.054,0.0,127.054,0,8,99.151,22.25,60.0159,13.8027,113.644,28.225,0,0,0,374.402
2026-01-07T23:30:00,507.571,111.425,0.0,111.425,0,8,99.151,22.25,59.9925,13.8182,117.877,27.149,0,0,0,396.146
2026-01-07T23:45:00,475.801,93.108,0.0,93.108,0,8,99.151,22.25,60.0228,13.8273,114.15,27.25,0,0,0,382.693
